Timestamp,velocity_linear,velocity_angular,encoder_left,encoder_right,lidar_1,lidar_2,lidar_3,lidar_4,lidar_5,lidar_6,lidar_7,lidar_8,lidar_9,lidar_10,lidar_11,lidar_12,lidar_13,lidar_14,lidar_15,lidar_16,lidar_17,lidar_18,lidar_19,lidar_20,lidar_21,lidar_22,lidar_23,lidar_24,lidar_25,lidar_26,lidar_27,lidar_28,lidar_29,lidar_30,lidar_31,lidar_32,lidar_33,lidar_34,lidar_35,lidar_36,lidar_37,lidar_38,lidar_39,lidar_40,lidar_41,lidar_42,lidar_43,lidar_44,lidar_45,lidar_46,lidar_47,lidar_48,lidar_49,lidar_50,lidar_51,lidar_52,lidar_53,lidar_54,lidar_55,lidar_56,lidar_57,lidar_58,lidar_59,lidar_60,lidar_61,lidar_62,lidar_63,lidar_64,lidar_65,lidar_66,lidar_67,lidar_68,lidar_69,lidar_70,lidar_71,lidar_72,lidar_73,lidar_74,lidar_75,lidar_76,lidar_77,lidar_78,lidar_79,lidar_80,lidar_81,lidar_82,lidar_83,lidar_84,lidar_85,lidar_86,lidar_87,lidar_88,lidar_89,lidar_90,lidar_91,lidar_92,lidar_93,lidar_94,lidar_95,lidar_96,lidar_97,lidar_98,lidar_99,lidar_100,lidar_101,lidar_102,lidar_103,lidar_104,lidar_105,lidar_106,lidar_107,lidar_108,lidar_109,lidar_110,lidar_111,lidar_112,lidar_113,lidar_114,lidar_115,lidar_116,lidar_117,lidar_118,lidar_119,lidar_120,lidar_121,lidar_122,lidar_123,lidar_124,lidar_125,lidar_126,lidar_127,lidar_128,lidar_129,lidar_130,lidar_131,lidar_132,lidar_133,lidar_134,lidar_135,lidar_136,lidar_137,lidar_138,lidar_139,lidar_140,lidar_141,lidar_142,lidar_143,lidar_144,lidar_145,lidar_146,lidar_147,lidar_148,lidar_149,lidar_150,lidar_151,lidar_152,lidar_153,lidar_154,lidar_155,lidar_156,lidar_157,lidar_158,lidar_159,lidar_160,lidar_161,lidar_162,lidar_163,lidar_164,lidar_165,lidar_166,lidar_167,lidar_168,lidar_169,lidar_170,lidar_171,lidar_172,lidar_173,lidar_174,lidar_175,lidar_176,lidar_177,lidar_178,lidar_179,lidar_180,lidar_181,lidar_182,lidar_183,lidar_184,lidar_185,lidar_186,lidar_187,lidar_188,lidar_189,lidar_190,lidar_191,lidar_192,lidar_193,lidar_194,lidar_195,lidar_196,lidar_197,lidar_198,lidar_199,lidar_200,lidar_201,lidar_202,lidar_203,lidar_204,lidar_205,lidar_206,lidar_207,lidar_208,lidar_209,lidar_210,lidar_211,lidar_212,lidar_213,lidar_214,lidar_215,lidar_216,lidar_217,lidar_218,lidar_219,lidar_220,lidar_221,lidar_222,lidar_223,lidar_224,lidar_225,lidar_226,lidar_227,lidar_228,lidar_229,lidar_230,lidar_231,lidar_232,lidar_233,lidar_234,lidar_235,lidar_236,lidar_237,lidar_238,lidar_239,lidar_240,lidar_241,lidar_242,lidar_243,lidar_244,lidar_245,lidar_246,lidar_247,lidar_248,lidar_249,lidar_250,lidar_251,lidar_252,lidar_253,lidar_254,lidar_255,lidar_256,lidar_257,lidar_258,lidar_259,lidar_260,lidar_261,lidar_262,lidar_263,lidar_264,lidar_265,lidar_266,lidar_267,lidar_268,lidar_269,lidar_270,lidar_271,lidar_272,lidar_273,lidar_274,lidar_275,lidar_276,lidar_277,lidar_278,lidar_279,lidar_280,lidar_281,lidar_282,lidar_283,lidar_284,lidar_285,lidar_286,lidar_287,lidar_288,lidar_289,lidar_290,lidar_291,lidar_292,lidar_293,lidar_294,lidar_295,lidar_296,lidar_297,lidar_298,lidar_299,lidar_300,lidar_301,lidar_302,lidar_303,lidar_304,lidar_305,lidar_306,lidar_307,lidar_308,lidar_309,lidar_310,lidar_311,lidar_312,lidar_313,lidar_314,lidar_315,lidar_316,lidar_317,lidar_318,lidar_319,lidar_320,lidar_321,lidar_322,lidar_323,lidar_324,lidar_325,lidar_326,lidar_327,lidar_328,lidar_329,lidar_330,lidar_331,lidar_332,lidar_333,lidar_334,lidar_335,lidar_336,lidar_337,lidar_338,lidar_339,lidar_340,lidar_341,lidar_342,lidar_343,lidar_344,lidar_345,lidar_346,lidar_347,lidar_348,lidar_349,lidar_350,lidar_351,lidar_352,lidar_353,lidar_354,lidar_355,lidar_356,lidar_357,lidar_358,lidar_359,lidar_360
1.7634631268013059e+18,0.6974852970439911,-1.6007557806207735,19.94322991648359,8.687687983119291,inf,inf,inf,inf,inf,inf,inf,inf,inf,inf,inf,inf,inf,inf,inf,inf,inf,inf,inf,inf,inf,inf,inf,inf,inf,inf,inf,inf,inf,inf,inf,inf,inf,inf,inf,inf,inf,inf,inf,inf,inf,inf,inf,inf,inf,inf,inf,inf,inf,inf,inf,inf,inf,inf,inf,inf,inf,inf,inf,inf,inf,inf,inf,inf,inf,inf,inf,inf,inf,inf,inf,inf,inf,inf,inf,inf,inf,inf,inf,inf,inf,inf,inf,inf,inf,inf,inf,inf,inf,inf,inf,inf,inf,inf,inf,inf,inf,inf,inf,inf,inf,inf,inf,inf,inf,inf,inf,inf,inf,inf,inf,inf,inf,inf,inf,inf,inf,inf,inf,inf,inf,inf,inf,inf,inf,inf,inf,inf,inf,inf,inf,inf,inf,inf,inf,inf,inf,inf,inf,inf,inf,inf,inf,inf,inf,inf,inf,inf,inf,inf,inf,inf,inf,inf,inf,inf,inf,inf,inf,inf,inf,inf,inf,inf,inf,inf,inf,inf,inf,inf,2.348327159881592,2.348130226135254,2.348651647567749,2.349894523620605,2.351856231689453,2.354542732238769,2.357959508895874,2.362107992172241,2.3669991493225098,2.372636079788208,2.379030466079712,2.386190414428711,2.3941309452056885,2.4028592109680176,2.412393808364868,2.422748327255249,2.433941602706909,2.445988655090332,2.4589123725891118,2.4727349281311035,2.487478017807007,2.5031681060791016,2.5198352336883545,2.537505388259888,2.556215763092041,2.575994968414306,2.596885204315185,2.618925094604492,2.642157793045044,2.666628837585449,2.69238829612732,2.7194929122924805,2.7479968070983887,2.777962207794189,2.809459924697876,2.842557668685913,2.877336978912353,2.913882255554199,2.9522809982299805,2.9926319122314453,3.0350446701049805,3.0796306133270264,3.126518726348877,3.1758430004119877,3.227752923965454,3.2824084758758545,3.339988470077514,3.4006803035736084,3.464700698852539,3.532280206680298,3.603671789169312,3.679155111312866,3.7590482234954834,3.843686819076538,3.933456897735596,4.028782367706299,4.130139827728272,4.238057613372803,4.353135108947754,4.476043701171875,4.607545375823975,4.748504638671875,4.899907112121582,5.06288480758667,5.238731384277344,5.428957462310791,5.635308742523193,5.859828472137451,6.104927062988281,6.3734564781188965,6.668831825256348,6.995160102844238,7.357442378997803,7.761795997619629,8.215842247009277,8.729146003723145,9.313907623291016,9.985913276672363,10.765983581542969,11.682124137878418,inf,inf,inf,inf,inf,inf,inf,inf,inf,inf,inf,inf,inf,inf,inf,inf,inf,inf,inf,inf,inf,inf,inf,inf,inf,inf,inf,inf,inf,inf,inf,inf,inf,inf,inf,inf,inf,inf,inf,inf,inf,inf,inf,inf,inf,inf,inf,inf,inf,inf,inf,inf,inf,inf,inf,inf,inf,inf,inf,inf,inf,inf,inf,inf,inf,inf,inf,inf,inf,inf,inf,inf,inf,inf,inf,inf,inf,inf,inf,inf,inf,inf,inf,inf,inf,inf,inf,inf,inf,inf,inf,inf,inf,inf,inf,inf,inf,inf,inf,inf,inf,inf,inf,inf,inf,inf,inf,inf,inf,inf
1.7634631269717862e+18,0.6553015545009304,-1.5435161049605504,16.009359448233337,6.466500119274011,inf,inf,inf,inf,inf,inf,inf,inf,inf,inf,inf,inf,inf,inf,inf,inf,inf,inf,inf,inf,inf,inf,inf,inf,inf,inf,inf,inf,inf,inf,inf,inf,inf,inf,inf,inf,inf,inf,inf,inf,inf,inf,inf,inf,inf,inf,inf,inf,inf,inf,inf,inf,inf,inf,inf,inf,inf,inf,inf,inf,inf,inf,inf,inf,inf,inf,inf,inf,inf,inf,inf,inf,inf,inf,inf,inf,inf,inf,inf,inf,inf,inf,inf,inf,inf,inf,inf,inf,inf,inf,inf,inf,inf,inf,inf,inf,inf,inf,inf,inf,inf,inf,inf,inf,inf,inf,inf,inf,inf,inf,inf,inf,inf,inf,inf,inf,inf,inf,inf,inf,inf,inf,inf,inf,inf,inf,inf,inf,inf,inf,inf,inf,inf,inf,inf,inf,inf,inf,inf,inf,inf,inf,inf,inf,inf,inf,inf,inf,inf,inf,inf,inf,inf,inf,inf,inf,inf,inf,inf,inf,inf,inf,inf,inf,inf,inf,inf,inf,inf,inf,inf,inf,inf,inf,inf,inf,inf,inf,inf,inf,inf,inf,inf,inf,inf,2.239234685897827,2.2389400005340576,2.239330768585205,2.2404086589813232,2.2421720027923584,2.2446277141571045,2.247775077819824,2.2516233921051025,2.256174802780152,2.261438131332397,2.267422199249268,2.274136066436768,2.281589269638061,2.289795160293579,2.2987656593322754,2.3085155487060547,2.3190629482269287,2.330421209335327,2.34261417388916,2.355656623840332,2.369577646255493,2.384397029876709,2.400141716003418,2.4168386459350586,2.434522151947021,2.453221559524536,2.472972631454468,2.4938149452209477,2.515786647796631,2.538933753967285,2.5633015632629395,2.58894157409668,2.6159093379974365,2.644260883331299,2.674060583114624,2.7053794860839844,2.7382874488830566,2.7728641033172607,2.8091959953308105,2.847374200820923,2.887501716613769,2.929686546325684,2.97404408454895,3.020703792572021,3.0698082447052,3.1215028762817383,3.175959587097168,3.2333555221557617,3.2938897609710693,3.357780933380127,3.425271511077881,3.4966225624084477,3.5721232891082764,3.652098655700684,3.736908197402954,3.826948404312134,3.922665596008301,4.024555206298828,4.133178234100342,4.249166011810303,4.373225212097168,4.506167888641357,4.64891529083252,4.802517890930176,4.9681901931762695,5.147335052490234,5.341573238372803,5.552814483642578,5.783294677734375,6.035659790039063,6.313082218170166,6.619351863861084,6.95909595489502,7.337968349456787,7.762975215911865,8.242926597595215,8.78900146484375,9.41564655303955,10.141846656799316,10.993071556091309,inf,inf,inf,inf,inf,inf,inf,inf,inf,inf,inf,inf,inf,inf,inf,inf,inf,inf,inf,inf,inf,inf,inf,inf,inf,inf,inf,inf,inf,inf,inf,inf,inf,inf,inf,inf,inf,inf,inf,inf,inf,inf,inf,inf,inf,inf,inf,inf,inf,inf,inf,inf,inf,inf,inf,inf,inf,inf,inf,inf,inf,inf,inf,inf,inf,inf,inf,inf,inf,inf,inf,inf,inf,inf,inf,inf,inf,inf,inf,inf,inf,inf,inf,inf,inf,inf,inf,inf,inf,inf,inf,inf,inf,inf,inf
1.7634631264265748e+18,0.622957186942258,-1.2862056764552794,22.642905222903245,11.88484987473454,inf,inf,inf,inf,inf,inf,inf,inf,inf,inf,inf,inf,inf,inf,inf,inf,inf,inf,inf,inf,inf,inf,inf,inf,inf,inf,inf,inf,inf,inf,inf,inf,inf,inf,inf,inf,inf,inf,inf,inf,inf,inf,inf,inf,inf,inf,inf,inf,inf,inf,inf,inf,inf,inf,inf,inf,inf,inf,inf,inf,inf,inf,inf,inf,inf,inf,inf,inf,inf,inf,inf,inf,inf,inf,inf,inf,inf,inf,inf,inf,inf,inf,inf,inf,inf,inf,inf,inf,inf,inf,inf,inf,inf,inf,inf,inf,inf,inf,inf,inf,inf,inf,inf,inf,inf,inf,inf,inf,inf,inf,inf,inf,inf,inf,inf,inf,inf,inf,inf,inf,inf,inf,inf,inf,inf,inf,inf,inf,inf,inf,inf,inf,inf,inf,inf,inf,inf,inf,inf,3.1964426040649414,2.580547571182251,2.58273983001709,2.5857279300689697,2.589515924453736,2.5941107273101807,2.599518299102783,2.6057465076446533,2.6128077507019043,2.620710611343384,2.629467248916626,2.6390960216522217,2.649606704711914,2.661020517349243,2.673352003097534,2.686627149581909,2.7008650302886963,2.7160894870758057,2.7323262691497803,2.749606132507324,2.767958402633667,2.787415742874145,2.8080124855041504,2.829789876937866,2.8527889251708984,2.8770499229431152,2.9026241302490234,2.9295599460601807,2.957915782928467,2.9877490997314453,3.0191221237182617,3.0521061420440674,3.0867738723754883,3.123204469680786,3.1614840030670166,3.201704502105713,3.243967771530152,3.2883825302124023,3.335064649581909,3.384141683578491,3.435750961303711,3.4900431632995605,3.547182321548462,3.607345342636109,3.670726537704468,3.737540245056152,3.8080179691314697,3.882416248321533,3.961012363433838,4.044121742248535,4.132087230682373,4.225283622741699,4.3241353034973145,4.429111480712891,4.540731906890869,4.6595892906188965,4.786342620849609,4.921730041503906,5.066592693328857,5.221890926361084,5.388711929321289,5.56830644607544,5.762104034423828,5.971770286560059,6.199240684509277,6.446779727935791,6.7170515060424805,7.013208866119385,7.339043617248535,7.699098587036133,8.09891128540039,8.54527473449707,9.046646118164062,9.613646507263184,10.25981330871582,11.00271224975586,11.86551284790039,inf,inf,inf,inf,inf,inf,inf,inf,inf,inf,inf,inf,inf,inf,inf,inf,inf,inf,inf,inf,inf,inf,inf,inf,inf,inf,inf,inf,inf,inf,inf,inf,inf,inf,inf,inf,inf,inf,inf,inf,inf,inf,inf,inf,inf,inf,inf,inf,inf,inf,inf,inf,inf,inf,inf,inf,inf,inf,inf,inf,inf,inf,inf,inf,inf,inf,inf,inf,inf,inf,inf,inf,inf,inf,inf,inf,inf,inf,inf,inf,inf,inf,inf,inf,inf,inf,inf,inf,inf,inf,inf,inf,inf,inf,inf,inf,inf,inf,inf,inf,inf,inf,inf,inf,inf,inf,inf,inf,inf,inf,inf,inf,inf,inf,inf,inf,inf,inf,inf,inf,inf,inf,inf,inf,inf,inf,inf,inf,inf,inf,inf,inf,inf,inf,inf,inf,inf,inf,inf,inf,inf,inf,inf,inf
1.7634631265967452e+18,0.7414167215907371,-1.5398025895757592,18.952415450460983,7.722660560757023,inf,inf,inf,inf,inf,inf,inf,inf,inf,inf,inf,inf,inf,inf,inf,inf,inf,inf,inf,inf,inf,inf,inf,inf,inf,inf,inf,inf,inf,inf,inf,inf,inf,inf,inf,inf,inf,inf,inf,inf,inf,inf,inf,inf,inf,inf,inf,inf,inf,inf,inf,inf,inf,inf,inf,inf,inf,inf,inf,inf,inf,inf,inf,inf,inf,inf,inf,inf,inf,inf,inf,inf,inf,inf,inf,inf,inf,inf,inf,inf,inf,inf,inf,inf,inf,inf,inf,inf,inf,inf,inf,inf,inf,inf,inf,inf,inf,inf,inf,inf,inf,inf,inf,inf,inf,inf,inf,inf,inf,inf,inf,inf,inf,inf,inf,inf,inf,inf,inf,inf,inf,inf,inf,inf,inf,inf,inf,inf,inf,inf,inf,inf,inf,inf,inf,inf,inf,inf,inf,inf,inf,inf,inf,inf,inf,inf,inf,inf,inf,inf,inf,inf,inf,inf,inf,2.47051739692688,2.471465826034546,2.4731698036193848,2.4756343364715576,2.478863000869751,2.482862710952759,2.4876363277435303,2.493192672729492,2.4995408058166504,2.506689071655273,2.514652729034424,2.5234389305114746,2.5330655574798584,2.543548583984375,2.5549018383026123,2.5671474933624268,2.5803048610687256,2.5943939685821533,2.609440326690674,2.6254727840423584,2.642515182495117,2.66059947013855,2.6797592639923096,2.7000300884246826,2.7214484214782715,2.7440552711486816,2.767895221710205,2.793015718460083,2.8194656372070312,2.847301959991455,2.876581907272339,2.9073705673217773,2.9397313594818115,2.9737439155578613,3.009485244750977,3.0470361709594727,3.0864951610565186,3.127959966659546,3.171536922454834,3.2173407077789307,3.265504837036133,3.316161632537842,3.3694605827331543,3.425566911697388,3.484660387039185,3.5469307899475098,3.6125917434692383,3.681877613067627,3.755046129226685,3.832377195358277,3.914185047149658,4.000811100006104,4.092637538909912,4.190091133117676,4.293645858764648,4.40383243560791,4.521240234375,4.646541595458984,4.780490398406982,4.92394495010376,5.077872753143311,5.243396759033203,5.421785831451416,5.614521026611328,5.82331132888794,6.050154209136963,6.29739236831665,6.567794799804688,6.864648818969727,7.191915988922119,7.55437707901001,7.957880020141602,8.40963077545166,8.918656349182129,9.496368408203123,10.157426834106444,10.921001434326172,11.812623023986816,inf,inf,inf,inf,inf,inf,inf,inf,inf,inf,inf,inf,inf,inf,inf,inf,inf,inf,inf,inf,inf,inf,inf,inf,inf,inf,inf,inf,inf,inf,inf,inf,inf,inf,inf,inf,inf,inf,inf,inf,inf,inf,inf,inf,inf,inf,inf,inf,inf,inf,inf,inf,inf,inf,inf,inf,inf,inf,inf,inf,inf,inf,inf,inf,inf,inf,inf,inf,inf,inf,inf,inf,inf,inf,inf,inf,inf,inf,inf,inf,inf,inf,inf,inf,inf,inf,inf,inf,inf,inf,inf,inf,inf,inf,inf,inf,inf,inf,inf,inf,inf,inf,inf,inf,inf,inf,inf,inf,inf,inf,inf,inf,inf,inf,inf,inf,inf,inf,inf,inf,inf,inf,inf,inf,inf,inf,inf
1.7634631417451459e+18,0.8842198304595609,0.879732645560028,18.55896820157824,26.12086431638392,inf,inf,inf,inf,inf,inf,inf,inf,inf,inf,inf,inf,inf,inf,inf,inf,inf,inf,inf,inf,inf,inf,inf,inf,inf,inf,inf,inf,inf,inf,inf,inf,inf,inf,inf,inf,inf,inf,inf,inf,inf,inf,inf,inf,inf,inf,inf,inf,inf,inf,inf,inf,inf,inf,inf,inf,inf,inf,inf,inf,inf,inf,inf,inf,inf,inf,inf,inf,inf,inf,inf,inf,inf,inf,inf,inf,inf,inf,inf,inf,inf,inf,inf,inf,inf,inf,inf,inf,inf,inf,inf,inf,inf,inf,inf,inf,inf,inf,inf,inf,inf,inf,inf,inf,inf,inf,inf,inf,inf,inf,inf,inf,inf,inf,inf,inf,inf,inf,inf,inf,inf,inf,inf,inf,inf,inf,inf,inf,inf,inf,inf,inf,inf,inf,inf,inf,inf,inf,inf,inf,inf,inf,inf,inf,inf,inf,inf,inf,inf,inf,inf,inf,inf,inf,inf,inf,inf,inf,inf,inf,inf,inf,inf,inf,inf,inf,inf,inf,inf,inf,inf,inf,inf,inf,inf,inf,inf,inf,inf,inf,inf,inf,inf,inf,inf,inf,inf,inf,inf,inf,inf,inf,inf,inf,inf,inf,inf,inf,inf,inf,inf,inf,inf,inf,inf,inf,inf,inf,inf,inf,inf,inf,inf,11.362394332885742,9.836592674255373,8.67440414428711,7.759937763214111,7.1515984535217285,8.855613708496094,5.904243469238281,5.471280097961426,5.098935604095459,4.775409698486328,4.491777420043945,4.241180419921875,4.018222808837891,3.8186557292938232,3.639031171798706,3.4765660762786865,3.328944683074951,3.1943037509918213,3.071030616760254,2.9577927589416504,2.8534436225891118,2.757028102874756,2.6677017211914062,2.584743022918701,2.507540225982666,2.4355385303497314,2.368258476257324,2.3052847385406494,2.328711032867432,2.357403516769409,2.3875515460968018,2.419230937957764,2.452521562576294,2.487515449523926,2.524303913116455,2.5629918575286865,2.603695869445801,2.6465346813201904,2.6916465759277344,2.7391726970672607,2.789278030395508,2.842136144638061,2.8979384899139404,2.9569005966186523,3.019256114959717,3.0852608680725098,3.155203104019165,3.229403018951416,3.3082101345062256,3.3920252323150635,3.481292963027954,3.576508045196533,3.678234100341797,3.787110328674317,3.9038586616516113,4.029311180114746,4.164405822753906,4.310238361358643,4.468076229095459,4.6393818855285645,4.825882911682129,5.029610633850098,5.252980709075928,5.498868942260742,5.770763397216797,6.072896480560303,6.410483360290527,6.790013313293457,7.219660758972168,7.709867477416992,8.27421760559082,8.930647850036621,9.703444480895996,10.626211166381836,11.74690055847168,inf,inf,inf,inf,inf,inf,inf,inf,inf,inf,inf,inf,inf,inf,inf,inf,inf,inf,inf,inf,inf,inf,inf,inf,inf,inf,inf,inf,inf,inf,inf,inf,inf,inf,inf,inf,inf,inf,inf,inf,inf,inf,inf,inf,inf,inf,inf,inf,inf,inf,inf,inf,inf,inf,inf,inf,inf,inf,inf,inf,inf,inf,inf,inf,inf,inf,inf,inf,inf,inf,inf,inf
1.7634631419149217e+18,1.1312551523085723,1.120440627057103,22.68975018031848,31.989825726199552,inf,inf,inf,inf,inf,inf,inf,inf,inf,inf,inf,inf,inf,inf,inf,inf,inf,inf,inf,inf,inf,inf,inf,inf,inf,inf,inf,inf,inf,inf,inf,inf,inf,inf,inf,inf,inf,inf,inf,inf,inf,inf,inf,inf,inf,inf,inf,inf,inf,inf,inf,inf,inf,inf,inf,inf,inf,inf,inf,inf,inf,inf,inf,inf,inf,inf,inf,inf,inf,inf,inf,inf,inf,inf,inf,inf,inf,inf,inf,inf,inf,inf,inf,inf,inf,inf,inf,inf,inf,inf,inf,inf,inf,inf,inf,inf,inf,inf,inf,inf,inf,inf,inf,inf,inf,inf,inf,inf,inf,inf,inf,inf,inf,inf,inf,inf,inf,inf,inf,inf,inf,inf,inf,inf,inf,inf,inf,inf,inf,inf,inf,inf,inf,inf,inf,inf,inf,inf,inf,inf,inf,inf,inf,inf,inf,inf,inf,inf,inf,inf,inf,inf,inf,inf,inf,inf,inf,inf,inf,inf,inf,inf,inf,inf,inf,inf,inf,inf,inf,inf,inf,inf,inf,inf,inf,inf,inf,inf,inf,inf,inf,inf,inf,inf,inf,inf,inf,inf,inf,inf,inf,inf,inf,inf,inf,inf,inf,inf,inf,inf,inf,10.826533317565918,9.507823944091797,8.477787971496582,7.651235580444336,6.973484516143799,6.976933002471924,5.928735256195068,5.517870903015137,5.161739826202393,4.850183963775635,4.575411319732666,4.331371307373047,4.113229751586914,3.917156457901001,3.740012884140015,3.579247236251831,3.432739496231079,3.2987303733825684,3.1757125854492188,3.062453031539917,2.957867383956909,2.8610329627990723,2.7711546421051025,2.687556505203247,2.6096296310424805,2.536846876144409,2.4687445163726807,2.4049277305603027,2.345020532608032,2.288712501525879,2.235711097717285,2.185764074325561,2.2026662826538086,2.234952926635742,2.2689034938812256,2.3046200275421143,2.342205047607422,2.3817789554595947,2.4234676361083984,2.4674086570739746,2.5137550830841064,2.562678575515747,2.614356517791748,2.6689977645874023,2.726823091506958,2.788080930709839,2.8530490398406982,2.9220311641693115,2.995369434356689,3.073451280593872,3.1567046642303467,3.245613574981689,3.340728282928467,3.442669630050659,3.552150249481201,3.669985055923462,3.7971036434173584,3.934594631195069,4.083713054656982,4.245928764343262,4.42297887802124,4.6169047355651855,4.830162525177002,5.065703392028809,5.327110290527344,5.618768215179443,5.946145057678223,6.31608247756958,6.737298011779785,7.221076488494873,7.782274723052978,8.440862655639648,9.224291801452637,10.171469688415527,11.33928394317627,inf,inf,inf,inf,inf,inf,inf,inf,inf,inf,inf,inf,inf,inf,inf,inf,inf,inf,inf,inf,inf,inf,inf,inf,inf,inf,inf,inf,inf,inf,inf,inf,inf,inf,inf,inf,inf,inf,inf,inf,inf,inf,inf,inf,inf,inf,inf,inf,inf,inf,inf,inf,inf,inf,inf,inf,inf,inf,inf,inf,inf,inf,inf,inf,inf,inf,inf,inf,inf,inf,inf,inf,inf,inf,inf,inf,inf,inf,inf,inf,inf,inf,inf,inf
1.7634631271416125e+18,0.5691457047159575,-1.3945770518849931,15.859416540405372,6.589671292848193,inf,inf,inf,inf,inf,inf,inf,inf,inf,inf,inf,inf,inf,inf,inf,inf,inf,inf,inf,inf,inf,inf,inf,inf,inf,inf,inf,inf,inf,inf,inf,inf,inf,inf,inf,inf,inf,inf,inf,inf,inf,inf,inf,inf,inf,inf,inf,inf,inf,inf,inf,inf,inf,inf,inf,inf,inf,inf,inf,inf,inf,inf,inf,inf,inf,inf,inf,inf,inf,inf,inf,inf,inf,inf,inf,inf,inf,inf,inf,inf,inf,inf,inf,inf,inf,inf,inf,inf,inf,inf,inf,inf,inf,inf,inf,inf,inf,inf,inf,inf,inf,inf,inf,inf,inf,inf,inf,inf,inf,inf,inf,inf,inf,inf,inf,inf,inf,inf,inf,inf,inf,inf,inf,inf,inf,inf,inf,inf,inf,inf,inf,inf,inf,inf,inf,inf,inf,inf,inf,inf,inf,inf,inf,inf,inf,inf,inf,inf,inf,inf,inf,inf,inf,inf,inf,inf,inf,inf,inf,inf,inf,inf,inf,inf,inf,inf,inf,inf,inf,inf,inf,inf,inf,inf,inf,inf,inf,inf,inf,inf,inf,inf,inf,inf,inf,inf,inf,inf,inf,inf,inf,inf,inf,inf,inf,inf,inf,inf,inf,inf,2.1400814056396484,2.140490770339966,2.1415555477142334,2.143277168273926,2.1456589698791504,2.1487040519714355,2.1524195671081543,2.156806945800781,2.16187596321106,2.167631864547729,2.174088478088379,2.1812515258789062,2.189133405685425,2.1977484226226807,2.207108974456787,2.217231035232544,2.2281312942504883,2.239828586578369,2.252342700958252,2.265693426132202,2.27990460395813,2.295004367828369,2.3110146522521973,2.327968120574951,2.3458962440490723,2.364831686019897,2.38481068611145,2.4058728218078613,2.428058862686157,2.4514167308807373,2.4759912490844727,2.501839399337769,2.5290112495422363,2.5575735569000244,2.5875895023345947,2.6191282272338867,2.652268409729004,2.68708872795105,2.7236809730529785,2.7621400356292725,2.8025712966918945,2.845088243484497,2.889812469482422,2.9368767738342285,2.9864299297332764,3.038629531860352,3.093648195266724,3.1516804695129395,3.2129311561584477,3.277634620666504,3.346043109893799,3.4184346199035645,3.49511981010437,3.576446056365967,3.6627933979034415,3.7545924186706543,3.852318286895752,3.9565117359161377,4.067779064178467,4.186801910400391,4.314360618591309,4.451338291168213,4.5987548828125,4.75777530670166,4.929753303527832,5.116249561309815,5.319106578826904,5.54047441482544,5.78291654586792,6.049485683441162,6.343855381011963,6.67047929763794,7.034829616546631,7.443695068359375,7.905584335327148,8.431350708007812,9.034981727600098,9.734922409057615,10.555912017822266,11.532000541687012,inf,inf,inf,inf,inf,inf,inf,inf,inf,inf,inf,inf,inf,inf,inf,inf,inf,inf,inf,inf,inf,inf,inf,inf,inf,inf,inf,inf,inf,inf,inf,inf,inf,inf,inf,inf,inf,inf,inf,inf,inf,inf,inf,inf,inf,inf,inf,inf,inf,inf,inf,inf,inf,inf,inf,inf,inf,inf,inf,inf,inf,inf,inf,inf,inf,inf,inf,inf,inf,inf,inf,inf,inf,inf,inf,inf,inf,inf,inf,inf
1.7634631273459607e+18,0.5611587250413421,-1.336479492735838,15.705866085635398,6.704092647698523,inf,inf,inf,inf,inf,inf,inf,inf,inf,inf,inf,inf,inf,inf,inf,inf,inf,inf,inf,inf,inf,inf,inf,inf,inf,inf,inf,inf,inf,inf,inf,inf,inf,inf,inf,inf,inf,inf,inf,inf,inf,inf,inf,inf,inf,inf,inf,inf,inf,inf,inf,inf,inf,inf,inf,inf,inf,inf,inf,inf,inf,inf,inf,inf,inf,inf,inf,inf,inf,inf,inf,inf,inf,inf,inf,inf,inf,inf,inf,inf,inf,inf,inf,inf,inf,inf,inf,inf,inf,inf,inf,inf,inf,inf,inf,inf,inf,inf,inf,inf,inf,inf,inf,inf,inf,inf,inf,inf,inf,inf,inf,inf,inf,inf,inf,inf,inf,inf,inf,inf,inf,inf,inf,inf,inf,inf,inf,inf,inf,inf,inf,inf,inf,inf,inf,inf,inf,inf,inf,inf,inf,inf,inf,inf,inf,inf,inf,inf,inf,inf,inf,inf,inf,inf,inf,inf,inf,inf,inf,inf,inf,inf,inf,inf,inf,inf,inf,inf,inf,inf,inf,inf,inf,inf,inf,inf,inf,inf,inf,inf,inf,inf,inf,inf,inf,inf,inf,inf,inf,inf,inf,inf,inf,inf,inf,inf,inf,inf,inf,inf,inf,inf,inf,inf,inf,inf,inf,inf,inf,inf,inf,inf,inf,inf,2.995572805404663,2.050440788269043,2.051715850830078,2.0536234378814697,2.056162118911743,2.059337854385376,2.0631561279296875,2.067622661590576,2.072744369506836,2.0785298347473145,2.0849859714508057,2.092125654220581,2.0999579429626465,2.1084964275360107,2.1177570819854736,2.127753257751465,2.1385014057159424,2.1500189304351807,2.162327289581299,2.175445556640625,2.1894001960754395,2.2042136192321777,2.219910860061645,2.236523389816284,2.254082441329956,2.27262020111084,2.292170286178589,2.312776803970337,2.3344767093658447,2.3573157787323,2.3813419342041016,2.4066054821014404,2.4331648349761963,2.4610788822174072,2.49040961265564,2.5212302207946777,2.5536141395568848,2.58764386177063,2.6234052181243896,2.660996675491333,2.7005176544189453,2.7420814037323,2.7858123779296875,2.83184027671814,2.880309820175171,2.9313809871673584,2.985224485397339,3.0420339107513428,3.1020138263702397,3.165393829345703,3.232427835464477,3.3033976554870605,3.378607749938965,3.458407402038574,3.543177366256714,3.63334584236145,3.7293972969055176,3.831867456436157,3.9413671493530273,4.058588027954102,4.184315204620361,4.3194451332092285,4.465006351470947,4.622183799743652,4.792351245880127,4.977108955383301,5.178330421447754,5.39823055267334,5.639437675476074,5.90509557723999,6.1990156173706055,6.52582597732544,6.8912434577941895,7.302375316619873,7.768204212188721,8.30022144317627,8.913400650024414,9.627589225769045,10.469679832458496,11.477045059204102,inf,inf,inf,inf,inf,inf,inf,inf,inf,inf,inf,inf,inf,inf,inf,inf,inf,inf,inf,inf,inf,inf,inf,inf,inf,inf,inf,inf,inf,inf,inf,inf,inf,inf,inf,inf,inf,inf,inf,inf,inf,inf,inf,inf,inf,inf,inf,inf,inf,inf,inf,inf,inf,inf,inf,inf,inf,inf,inf,inf,inf,inf,inf,inf,inf,inf
1.763463127516249e+18,0.55632199863786,-1.2945901163453055,15.677484408876271,6.734529200345837,inf,inf,inf,inf,inf,inf,inf,inf,inf,inf,inf,inf,inf,inf,inf,inf,inf,inf,inf,inf,inf,inf,inf,inf,inf,inf,inf,inf,inf,inf,inf,inf,inf,inf,inf,inf,inf,inf,inf,inf,inf,inf,inf,inf,inf,inf,inf,inf,inf,inf,inf,inf,inf,inf,inf,inf,inf,inf,inf,inf,inf,inf,inf,inf,inf,inf,inf,inf,inf,inf,inf,inf,inf,inf,inf,inf,inf,inf,inf,inf,inf,inf,inf,inf,inf,inf,inf,inf,inf,inf,inf,inf,inf,inf,inf,inf,inf,inf,inf,inf,inf,inf,inf,inf,inf,inf,inf,inf,inf,inf,inf,inf,inf,inf,inf,inf,inf,inf,inf,inf,inf,inf,inf,inf,inf,inf,inf,inf,inf,inf,inf,inf,inf,inf,inf,inf,inf,inf,inf,inf,inf,inf,inf,inf,inf,inf,inf,inf,inf,inf,inf,inf,inf,inf,inf,inf,inf,inf,inf,inf,inf,inf,inf,inf,inf,inf,inf,inf,inf,inf,inf,inf,inf,inf,inf,inf,inf,inf,inf,inf,inf,inf,inf,inf,inf,inf,inf,inf,inf,inf,inf,inf,inf,inf,inf,inf,inf,inf,inf,inf,inf,inf,inf,inf,inf,inf,inf,inf,inf,inf,inf,inf,inf,inf,inf,inf,inf,inf,inf,inf,inf,inf,inf,inf,inf,inf,inf,inf,4.16953706741333,2.3486015796661377,1.975869417190552,1.978166341781616,1.9810734987258911,1.9845995903015137,1.9887460470199585,1.993521332740784,1.9989334344863887,2.004990816116333,2.0117015838623047,2.019076108932495,2.0271286964416504,2.0358710289001465,2.0453195571899414,2.055485963821411,2.0663902759552,2.078050136566162,2.0904855728149414,2.103717565536499,2.117769718170166,2.1326704025268555,2.14844298362732,2.165116786956787,2.1827263832092285,2.2013041973114014,2.220884323120117,2.241509199142456,2.263219118118286,2.286062717437744,2.310082197189331,2.3353374004364014,2.361879587173462,2.3897719383239746,2.419081449508667,2.4498772621154785,2.482234001159668,2.5162394046783447,2.5519826412200928,2.5895581245422363,2.6290714740753174,2.670642375946045,2.714390754699707,2.7604572772979736,2.808985948562622,2.8601434230804443,2.914109706878662,2.971076250076294,3.031259298324585,3.094898462295532,3.1622564792633057,3.2336201667785645,3.309316873550415,3.3897078037261963,3.4751882553100586,3.566211462020874,3.66328239440918,3.766970157623291,3.8779196739196777,3.996863603591919,4.124635696411133,4.262197971343994,4.410645008087158,4.571257591247559,4.745513439178467,4.935153484344482,5.142221450805664,5.369139671325684,5.618809700012207,5.894721508026123,6.201127529144287,6.543244361877441,6.927553653717041,7.36222505569458,7.857662677764893,8.427346229553223,9.08909511566162,9.866903305053713,10.793903350830078,11.917184829711914,inf,inf,inf,inf,inf,inf,inf,inf,inf,inf,inf,inf,inf,inf,inf,inf,inf,inf,inf,inf,inf,inf,inf,inf,inf,inf,inf,inf,inf,inf,inf,inf,inf,inf,inf,inf,inf,inf,inf,inf,inf,inf,inf,inf,inf,inf,inf,inf,inf,inf,inf,inf
1.7634631276867323e+18,0.5562254637876405,-1.1758940103966602,14.627620219120129,7.747305885408977,inf,inf,inf,inf,inf,inf,inf,inf,inf,inf,inf,inf,inf,inf,inf,inf,inf,inf,inf,inf,inf,inf,inf,inf,inf,inf,inf,inf,inf,inf,inf,inf,inf,inf,inf,inf,inf,inf,inf,inf,inf,inf,inf,inf,inf,inf,inf,inf,inf,inf,inf,inf,inf,inf,inf,inf,inf,inf,inf,inf,inf,inf,inf,inf,inf,inf,inf,inf,inf,inf,inf,inf,inf,inf,inf,inf,inf,inf,inf,inf,inf,inf,inf,inf,inf,inf,inf,inf,inf,inf,inf,inf,inf,inf,inf,inf,inf,inf,inf,inf,inf,inf,inf,inf,inf,inf,inf,inf,inf,inf,inf,inf,inf,inf,inf,inf,inf,inf,inf,inf,inf,inf,inf,inf,inf,inf,inf,inf,inf,inf,inf,inf,inf,inf,inf,inf,inf,inf,inf,inf,inf,inf,inf,inf,inf,inf,inf,inf,inf,inf,inf,inf,inf,inf,inf,inf,inf,inf,inf,inf,inf,inf,inf,inf,inf,inf,inf,inf,inf,inf,inf,inf,inf,inf,inf,inf,inf,inf,inf,inf,inf,inf,inf,inf,inf,inf,inf,inf,inf,inf,inf,inf,inf,inf,inf,inf,inf,inf,inf,inf,inf,inf,inf,inf,inf,inf,inf,inf,inf,inf,inf,inf,inf,inf,inf,inf,inf,inf,inf,inf,inf,inf,inf,inf,inf,inf,inf,inf,inf,inf,inf,inf,inf,inf,inf,inf,inf,inf,inf,inf,5.579089641571045,3.586099624633789,2.642791748046875,2.09293794631958,1.921699047088623,1.925421953201294,1.9297494888305664,1.9346919059753416,1.940253973007202,1.9464441537857056,1.953274130821228,1.9607559442520144,1.9688993692398071,1.9777181148529053,1.9872268438339236,1.9974421262741089,2.0083792209625244,2.0200612545013428,2.0325026512146,2.045729875564575,2.059762477874756,2.0746312141418457,2.09035873413086,2.106975793838501,2.124516487121582,2.1430108547210693,2.162498235702514,2.183019161224365,2.2046115398406982,2.2273244857788086,2.251207113265991,2.276311159133911,2.302694082260132,2.33041787147522,2.3595471382141118,2.39015531539917,2.422319173812866,2.4561192989349365,2.491652011871338,2.529013395309448,2.568310499191284,2.60965895652771,2.653184175491333,2.699025869369507,2.747335433959961,2.798280000686645,2.852035999298096,2.908806800842285,2.9688098430633545,3.0322866439819336,3.099508047103882,3.1707704067230225,3.246402740478516,3.3267710208892822,3.4122958183288574,3.5034303665161133,3.600700616836548,3.704689025878906,3.8160696029663086,3.935592889785767,4.064130783081055,4.2026777267456055,4.3523850440979,4.514583110809326,4.690826892852783,4.882950305938721,5.093103885650635,5.323863983154297,5.578318595886231,5.86019229888916,6.174062728881836,6.525568008422852,6.921763896942139,7.371574401855469,7.886487483978271,8.481536865234375,9.176739692687988,9.999425888061523,10.98782730102539,inf,inf,inf,inf,inf,inf,inf,inf,inf,inf,inf,inf,inf,inf,inf,inf,inf,inf,inf,inf,inf,inf,inf,inf,inf,inf,inf,inf,inf,inf,inf,inf,inf,inf,inf,inf,inf,inf,inf,inf,inf
1.7634630584515361e+18,1.1973524901787522,0.9783041884004302,15.908460611032814,22.72545801440426,10.092461585998535,10.271688461303713,10.460652351379396,10.660025596618652,10.870534896850586,11.092988967895508,11.328276634216309,11.57737922668457,11.841391563415527,inf,inf,inf,inf,inf,inf,inf,inf,inf,inf,inf,inf,inf,inf,inf,inf,inf,inf,inf,inf,inf,inf,inf,inf,inf,inf,inf,11.879793167114258,11.602432250976562,11.341118812561035,11.09463596343994,10.861893653869627,10.641904830932615,10.433777809143066,10.23671054840088,10.049966812133787,9.872880935668944,9.733583450317385,inf,inf,inf,9.112799644470217,8.98257064819336,7.211426258087158,6.296029090881348,5.588370323181152,5.025094032287598,4.566239356994629,4.185349464416504,3.8641974925994873,3.5898451805114746,3.352821111679077,3.146059274673462,2.9641730785369877,2.802983045578003,2.659187078475952,2.5301644802093506,2.413784980773926,2.308316946029663,2.2123281955718994,2.1246283054351807,2.044218063354492,1.970253348350525,1.902015686035156,1.8388903141021729,1.78034770488739,1.7259292602539062,1.6752363443374634,1.6279205083847046,1.5836752653121948,1.5422309637069702,1.5033477544784546,1.466816544532776,1.4324458837509155,1.400068283081055,1.3695311546325684,1.3406987190246582,1.3134500980377195,1.287671685218811,1.2632663249969482,1.2401401996612549,1.21821129322052,1.1974049806594849,1.1776518821716309,1.158888816833496,1.1410582065582275,1.124106526374817,1.1079847812652588,1.092648983001709,1.078057885169983,1.0641721487045288,1.05095636844635,1.0383800268173218,1.0264092683792114,1.015020728111267,1.004185676574707,0.99387925863266,0.984080731868744,0.974768877029419,0.9737179279327391,1.008467197418213,1.046115517616272,1.087031364440918,1.1316381692886353,1.180436611175537,1.2340331077575684,1.2931398153305054,1.3586300611495972,1.4315664768218994,1.5132746696472168,1.5929992198944092,1.5449016094207764,1.5000667572021484,1.4581936597824097,1.4190183877944946,1.382306694984436,1.3478466272354126,1.315455675125122,1.284969449043274,1.2562392950057983,1.2291359901428225,1.203535795211792,1.1793334484100342,1.1564322710037231,1.1347455978393557,1.1141912937164309,1.0946980714797974,1.076197624206543,1.0586313009262085,1.0419425964355469,1.0260815620422363,1.0109994411468506,0.9966570138931274,0.9830119013786316,0.9700268507003784,0.9576699137687684,0.9459109306335448,0.9347178339958192,0.9240674376487732,0.9139333367347716,0.9042919278144836,0.895124614238739,0.8864085078239441,0.8781271576881409,0.8702618479728699,0.8627995252609253,0.8557232022285461,0.8490195274353027,0.8426752090454102,0.8366801738739014,0.8553913235664368,0.8970595598220825,0.9432945847511292,8.120153427124023,8.194771766662598,8.273326873779297,8.355986595153809,8.442923545837402,8.534329414367676,8.63040542602539,8.731369018554688,8.8374605178833,8.948933601379395,9.066065788269045,9.189152717590332,9.318519592285156,9.454514503479004,9.59751796722412,9.747942924499512,9.90623664855957,10.072890281677246,10.248437881469728,10.433462142944336,10.62860107421875,10.834556579589844,11.052101135253906,11.282082557678224,11.525443077087402,11.783214569091797,11.957476615905762,11.992880821228027,inf,inf,inf,inf,inf,inf,inf,inf,inf,inf,inf,inf,inf,inf,inf,inf,10.75139331817627,10.39806079864502,10.290135383605955,10.237665176391602,10.18882656097412,1.2871441841125488,1.2514983415603638,1.0414295196533203,1.0146907567977903,0.9895859956741332,0.9661812782287598,0.9789692163467408,0.9924078583717346,1.0065351724624634,1.0213837623596191,1.0137752294540403,0.994229793548584,1.0036925077438354,1.0207586288452148,1.0387415885925293,1.0576980113983154,1.1496706008911133,1.1721900701522827,1.1959832906723022,1.2211456298828125,1.2477775812149048,1.275996208190918,1.3059266805648804,1.3377186059951782,1.3578548431396484,1.3623816967010498,1.367357611656189,1.3727928400039673,1.3786946535110474,1.3850728273391724,1.3919363021850586,1.3993008136749268,1.4071753025054932,1.415575623512268,1.424514651298523,1.4340111017227173,1.4440754652023315,1.4534029960632324,1.44367778301239,1.4345173835754397,1.4259079694747925,1.4178310632705688,1.4102730751037598,1.4032233953475952,1.396669864654541,1.390600562095642,1.3850054740905762,1.3798753023147583,1.3752031326293943,1.3709806203842163,1.3672012090682983,1.3638571500778198,1.3609459400177002,1.3584614992141724,1.3564006090164185,1.3547611236572266,1.353536605834961,1.3527309894561768,1.3523372411727903,1.352359175682068,1.352794528007507,1.353643774986267,1.3549094200134275,1.356594204902649,1.3586981296539309,1.3612260818481443,1.3641810417175293,1.3675692081451416,1.3713947534561155,1.3756625652313232,1.380382776260376,1.3855605125427246,1.3912030458450315,1.3973230123519895,1.4039264917373655,1.4110289812088013,1.4186385869979858,1.4267685413360596,1.4354345798492432,1.4446521997451782,1.4544378519058228,1.464806318283081,1.475778579711914,1.4873769283294678,1.4996196031570437,1.5125337839126587,1.5261406898498535,1.5404719114303589,1.502131104469299,1.4575095176696775,1.415882229804993,1.3769760131835938,1.3405526876449585,1.3063902854919434,1.2743102312088013,1.2441399097442627,1.2157278060913086,1.1889398097991943,1.1636556386947632,1.1397665739059448,1.1171717643737793,1.0239514112472534,1.0050197839736938,0.9870718717575072,0.970044732093811,0.9775763154029846,0.9961913228034972,1.0158486366271973,1.0366206169128418,1.0585875511169434,1.081848382949829,1.1064964532852173,1.132651686668396,7.276581764221191,7.299000740051269,7.323807239532471,7.351037979125977,7.380740165710449,7.412961006164551,7.447754383087158,7.485174655914307,7.525289058685303,7.568163394927978,7.613873481750488,7.662497997283935,7.714120388031006,7.7688374519348145,7.8267502784729,7.887964248657227,7.952596187591553,8.020770072937012,8.092620849609375,8.168291091918945,8.247939109802246,8.331729888916016,8.419844627380371,8.512474060058594,8.609829902648926,8.712133407592773,8.81962776184082,8.932577133178711,9.051262855529783,9.175989151000977,9.307090759277344,9.444924354553224,9.58987808227539,9.742380142211914,9.902891159057615,10.07191276550293
1.7634630586554404e+18,0.9507584861692496,0.9920550515948068,10.839409943908166,17.57391909592029,inf,inf,inf,inf,inf,inf,inf,inf,inf,inf,inf,inf,inf,inf,inf,inf,inf,inf,inf,inf,inf,inf,inf,inf,inf,inf,11.82966423034668,11.555960655212402,11.298017501831056,11.054645538330078,10.824780464172363,10.607457160949709,10.401810646057127,10.207049369812012,10.022459983825684,9.847384452819824,inf,inf,inf,9.23111057281494,9.09565544128418,7.165865898132324,6.159025192260742,5.401711463928223,4.811554908752441,4.338841438293457,3.951812267303467,3.6291933059692383,3.356222152709961,3.122328519821167,2.9197466373443604,2.7426435947418213,2.5865373611450195,2.447956323623657,2.3241450786590576,2.2128968238830566,2.112434148788452,2.0212857723236084,1.9382463693618772,1.8623071908950808,1.7926214933395386,1.7284762859344482,1.6692516803741455,1.6144322156906128,1.5635613203048706,1.5162479877471924,1.4721506834030151,1.4309728145599363,1.3924483060836792,1.3563493490219116,1.3224676847457886,1.2906242609024048,1.2606552839279177,1.2324138879776,1.205771565437317,1.1806111335754397,1.1568251848220823,1.134318709373474,1.1130053997039795,1.0928077697753906,1.0736517906188965,1.055472731590271,1.0382121801376345,1.0218147039413452,1.0062291622161863,0.991412341594696,0.9773188829421996,0.9639124274253844,0.9511550664901732,0.953990638256073,0.9778658747673036,1.005812168121338,1.033039093017578,1.062113881111145,1.0932135581970217,1.126546859741211,1.1623440980911257,1.200868844985962,1.2424325942993164,1.287378430366516,1.336127519607544,1.3891535997390747,1.447023868560791,1.510405659675598,1.5072319507598877,1.4517430067062378,1.4006106853485107,1.353359341621399,1.309574842453003,1.2689156532287598,1.231066346168518,1.1957674026489258,1.1627821922302246,1.1319042444229126,1.1029529571533203,1.0757650136947632,1.0502030849456787,1.0261303186416626,1.0034385919570925,0.9820213913917542,0.9617899656295776,0.942655384540558,0.9245456457138062,0.9073908925056458,0.8911296129226685,0.8757036328315735,0.8610622882843018,0.8471547365188599,0.8339425921440125,0.8213837742805481,0.809440016746521,0.7980829477310181,0.7872751951217651,0.776991069316864,0.7672030925750732,0.7578878998756409,0.7490237355232239,0.7405887842178345,0.7325623631477356,0.7249279618263245,0.7176675796508789,0.7107673287391663,0.7042122483253479,0.7079930901527405,0.7339650392532349,0.7621548771858215,0.7928478717803955,3.220240592956543,7.768259525299072,7.828723430633545,7.892570972442627,7.959923267364502,8.030914306640625,8.105683326721191,8.184389114379883,8.267189979553223,8.354268074035645,8.44581127166748,8.542023658752441,8.643132209777832,8.749368667602539,8.860998153686523,8.978294372558594,9.101557731628418,9.231118202209473,9.367329597473145,9.510573387145996,9.661269187927246,9.819869995117188,9.986873626708984,10.162816047668455,10.348295211791992,10.543956756591797,10.75051212310791,10.968746185302734,11.1995210647583,11.443793296813965,11.70262050628662,11.81382942199707,11.849957466125488,11.8899564743042,11.933889389038086,11.981829643249512,inf,inf,inf,inf,inf,inf,inf,inf,inf,inf,inf,inf,inf,10.608678817749023,10.264477729797363,10.152533531188965,10.101791381835938,10.05461597442627,10.0109281539917,9.970654487609863,1.1857966184616089,1.1556978225708008,1.127425193786621,1.1008318662643433,0.9167653322219848,0.8966370820999146,0.8776400089263916,0.8596858978271484,0.842706561088562,0.8513655662536621,0.8654944896697998,0.8803734183311462,0.896050214767456,0.9038681387901306,0.8893750309944153,0.875605046749115,0.8925551176071167,0.9115410447120668,0.931643843650818,1.033396601676941,1.0579169988632202,1.0839664936065674,1.1116806268692017,1.1412081718444824,1.1727145910263062,1.2063889503479004,1.2424451112747192,1.2665749788284302,1.2729815244674685,1.2798473834991455,1.287184476852417,1.295003890991211,1.3033196926116943,1.312149167060852,1.3215045928955078,1.3314052820205688,1.3418684005737305,1.3529140949249268,1.3645665645599363,1.3768450021743774,1.3897744417190552,1.3882038593292236,1.381858229637146,1.375989556312561,1.3705902099609375,1.3656474351882937,1.361156344413757,1.3571064472198486,1.353495955467224,1.3503156900405884,1.3475614786148071,1.3452298641204834,1.3433151245117188,1.3418173789978027,1.3407323360443115,1.3400598764419556,1.3397973775863647,1.3399436473846436,1.340501070022583,1.3414697647094729,1.3428492546081543,1.344645619392395,1.346859574317932,1.3494939804077148,1.3525534868240356,1.3560419082641602,1.359966278076172,1.364331841468811,1.3691465854644775,1.3744162321090698,1.380151867866516,1.386359691619873,1.3930535316467283,1.400242567062378,1.4079400300979614,1.4161572456359863,1.42490816116333,1.4342113733291626,1.4440823793411257,1.4545365571975708,1.4655961990356443,1.4772804975509644,1.4896118640899658,1.50261390209198,1.5163137912750244,1.5307379961013794,1.5459165573120115,1.5618836879730225,1.5786702632904053,1.596315622329712,1.60247802734375,1.5621081590652466,1.5241764783859253,1.4884904623031616,1.4548693895339966,1.4231623411178589,1.3932232856750488,1.364926815032959,1.3381569385528564,1.3128124475479126,1.2887978553771973,1.2660257816314695,1.2444190979003906,1.223905324935913,1.2044181823730469,1.1213887929916382,1.1047390699386597,1.0889087915420532,1.073848009109497,1.0935964584350586,1.1197410821914673,1.147524356842041,1.177092671394348,1.2086044549942017,1.2422397136688232,7.492508411407471,7.525969982147217,7.562056064605713,7.600825786590576,7.642345905303955,7.68668794631958,7.733927249908447,7.784148693084717,7.837438106536865,7.893896579742432,7.953624248504639,8.016736030578613,8.08335018157959,8.153595924377441,8.227612495422363,8.305550575256348,8.387571334838867,8.473846435546875,8.564562797546387,8.659920692443848,8.760136604309082,8.865445137023926,8.976095199584961,9.092361450195312,9.214532852172852,9.342930793762209,9.477900505065918,9.619812965393066,9.769072532653809,9.926124572753906,10.09144687652588,10.2655611038208,10.44904613494873,10.642525672912598,10.846684455871582,11.062283515930176,11.29015064239502,11.531205177307127,11.786460876464844,inf,inf,inf
1.7634630537201818e+18,0.8841595964022219,-0.7591813113226787,25.267958729426603,19.61302157569248,5.781791687011719,6.055870532989502,6.359269618988037,6.69682502746582,7.074519157409668,7.499790191650391,7.982059478759766,8.533401489257812,9.169577598571776,9.911534309387209,10.787714958190918,11.17868995666504,inf,inf,inf,inf,inf,11.032523155212402,11.020903587341309,11.012675285339355,11.00782585144043,11.00634479522705,11.008233070373535,11.0134916305542,11.022130966186523,11.034162521362305,11.049604415893556,11.068482398986816,11.090825080871582,11.116666793823242,11.146045684814451,11.179012298583984,11.215616226196287,11.255914688110352,11.182331085205078,11.06348991394043,10.950464248657228,10.843008041381836,10.740896224975586,10.643917083740234,10.55186939239502,10.464579582214355,10.381871223449709,10.303586959838867,10.22958278656006,10.15972137451172,10.093873023986816,10.0319242477417,9.97376537322998,9.919293403625488,9.868416786193848,9.821048736572266,9.777112007141112,9.736531257629396,inf,inf,inf,inf,inf,9.561585426330566,9.542837142944336,9.527070045471191,9.514262199401855,8.904337882995605,8.735390663146973,8.575313568115234,8.423527717590332,8.279511451721191,8.14278507232666,8.01291561126709,7.88949728012085,7.772166728973389,7.660586357116699,7.554441452026367,7.453445434570312,7.357337951660156,7.265874862670898,7.178824424743652,7.095981597900391,7.017152309417725,6.942155838012695,6.870824337005615,6.803005695343018,6.738555431365967,6.677336692810059,6.619227886199951,6.564115524291992,6.511886596679688,6.462447166442871,6.415699005126953,6.371557235717773,6.329944133758545,6.290783882141113,6.2540059089660645,6.219547271728516,6.187351703643799,6.157359600067139,6.129524230957031,6.103798389434815,6.080139636993408,6.058512210845947,6.038879871368408,6.021209716796875,6.005473613739014,5.991650104522705,5.9797139167785645,5.969649314880371,5.96143913269043,5.955074310302734,5.950538635253906,5.947829723358154,5.946940898895264,5.947874069213867,5.950626850128174,5.955206871032715,5.961617469787598,5.96987247467041,5.979982852935791,5.9919633865356445,6.005835056304932,6.021616458892822,6.039331912994385,6.563631057739258,6.488757610321045,6.417512893676758,6.349738597869873,6.285280704498291,6.224008560180664,6.165786266326904,6.2412214279174805,4.123234272003174,3.9250659942626953,3.746161460876465,3.5839054584503174,3.436134099960327,3.3010289669036865,3.177085399627685,3.063013792037964,2.9577267169952397,2.860280752182007,2.769871473312378,2.685800552368164,2.607456684112549,2.5343053340911865,2.46588397026062,2.401773691177368,2.410724878311157,2.4411003589630127,2.473015546798706,4.626805305480957,4.526514530181885,4.431806564331055,4.34227991104126,4.257575035095215,4.177367210388184,4.101357460021973,4.029276847839356,3.9608752727508554,3.8959298133850098,3.8342323303222656,3.775598764419556,3.719851732254028,3.6668314933776855,3.616394281387329,3.568400382995605,3.522730588912964,3.4792635440826416,3.437896966934204,3.398528814315796,3.3610689640045166,3.32543420791626,3.291542291641236,3.259322166442871,3.228704929351806,3.199628591537476,3.172032117843628,3.1458616256713867,3.12106728553772,3.097599983215332,3.07541823387146,3.0544800758361816,3.03474760055542,3.0161831378936768,2.9987597465515137,2.982442617416382,2.9672038555145264,2.953021049499512,2.9398670196533203,2.927722692489624,2.916566610336304,2.906380414962769,1.3661257028579712,1.3622149229049685,1.3587416410446167,1.3557004928588867,1.353085994720459,1.3508944511413574,1.3491202592849731,1.3477646112442017,1.3468230962753296,1.3462945222854614,1.3461779356002808,1.3464730978012085,1.3471808433532717,1.348301887512207,1.3498378992080688,1.3517918586730957,1.3541663885116575,1.35696542263031,1.3601934909820557,1.3638558387756348,1.367956280708313,1.3725035190582275,1.3775031566619873,1.382965326309204,1.388897180557251,1.3953088521957395,1.4022109508514404,1.4096136093139648,1.4175338745117188,1.4259811639785769,1.4349709749221802,1.4445197582244873,1.4546445608139038,1.4653645753860474,1.4766998291015625,1.488668441772461,1.501297950744629,1.514609456062317,1.5286318063735962,1.5433926582336426,1.5589230060577393,1.5752564668655396,1.592427372932434,1.6104769706726074,1.6294429302215576,1.6493728160858154,1.6703131198883057,1.692314624786377,1.7154388427734375,1.7397406101226809,1.765292048454285,1.7921574115753174,1.8204214572906492,1.8501670360565183,1.8814855813980105,1.914478421211243,1.949254393577576,1.9859389066696167,2.0246596336364746,2.0655670166015625,2.1088171005249023,2.154592752456665,2.2030913829803467,2.254523992538452,2.309142589569092,2.367215871810913,2.429047107696533,2.483416080474853,2.456258535385132,2.4304237365722656,2.405855894088745,2.382499933242798,2.3603100776672363,2.339239835739136,2.3192427158355717,2.3002846240997314,2.2823262214660645,2.265335321426392,2.249277353286743,2.234124660491944,2.219849109649658,2.206425666809082,2.1938297748565674,2.182041883468628,2.171041250228882,2.160808563232422,2.151327610015869,2.1425814628601074,2.134556531906128,2.127240896224976,2.1206207275390625,2.114687442779541,2.109431743621826,2.1048426628112797,2.100915670394897,2.0976457595825195,2.0950241088867188,2.093048572540283,2.0917165279388428,2.091027021408081,2.090975761413574,2.0915660858154297,2.0927953720092773,2.0946691036224365,2.0971884727478027,2.1003577709198,2.10417914390564,2.108663558959961,2.1138134002685547,2.1196393966674805,2.126150131225586,2.1333553791046143,2.141267776489258,2.149898767471313,2.1592628955841064,2.169377088546753,2.18025541305542,2.191917657852173,2.2043843269348145,2.21767520904541,2.23181414604187,2.246828079223633,2.2627408504486084,2.279583692550659,2.297386646270752,2.316185712814331,2.336014032363892,2.35691237449646,2.3789241313934326,2.402092218399048,2.4264657497406006,2.4520957469940186,2.47904109954834,2.5073609352111816,2.537121057510376,2.568390369415283,2.601245880126953,2.635770082473755,2.672050952911377,2.7101874351501465,2.7502803802490234,2.7924458980560303,2.836806297302246,2.883493423461914,2.932657241821289,2.9844536781311035,3.0390608310699463,3.0966711044311523,3.157487630844116,3.2217488288879395,3.289708375930786,3.36164665222168,3.4378795623779297,3.518747329711914,3.604644060134888,3.6959965229034415,3.793292999267578,3.897073984146118,4.007956027984619,4.1266303062438965,4.253886699676514,4.390629291534424,4.5378923416137695,4.6968607902526855,4.868918418884277,5.055663108825684,5.258981227874756,5.481081485748291,5.724601268768311
1.7634630538928704e+18,1.1310144173369605,-0.7760466913334113,30.338626422012933,24.657481316374515,4.478949546813965,4.624251365661621,4.780808925628662,4.949902057647705,5.133026599884033,5.331913471221924,5.5403361320495605,5.776356220245361,6.035302639007568,6.320587158203125,6.636305332183838,6.987475872039795,7.380272388458252,7.82240104675293,8.323580741882324,8.896289825439453,9.55677604675293,10.326611518859863,11.235076904296877,11.387494087219238,inf,inf,inf,inf,11.2532377243042,11.237746238708496,11.225729942321776,11.217167854309082,11.21204662322998,11.210357666015623,11.212100982666016,11.217275619506836,11.225892066955566,11.237966537475586,11.253511428833008,11.272552490234377,11.295123100280762,11.321255683898926,11.35098934173584,11.384371757507324,11.42145824432373,11.40493392944336,11.278679847717283,11.158567428588867,11.044330596923828,10.93572235107422,10.832509994506836,10.734484672546388,10.64144229888916,10.553200721740724,10.46958827972412,10.3904447555542,10.315624237060549,10.244983673095703,10.178397178649902,10.115745544433594,10.056920051574709,10.001815795898438,9.95034122467041,9.902409553527832,9.857938766479492,inf,inf,inf,inf,inf,9.660120010375977,9.638158798217772,9.619233131408691,9.122740745544434,8.937071800231934,8.76143741607666,8.5951509475708,8.43759536743164,8.288200378417969,8.146452903747559,8.011882781982422,7.884061336517334,7.762589454650879,7.6471123695373535,7.537291526794434,7.432821273803711,7.33342170715332,7.238831043243408,7.148810863494873,7.063135147094727,6.981600284576416,6.9040141105651855,6.830201625823975,6.75999641418457,6.693246841430664,6.629811763763428,6.56956148147583,6.512369632720947,6.458122253417969,6.406716346740723,6.358053684234619,6.312041759490967,6.268594264984131,6.227634429931641,6.189087390899658,6.152885913848877,6.118966102600098,6.087271690368652,6.057748794555664,6.030345916748047,6.005019664764404,5.981728076934815,5.960433006286621,5.941099643707275,5.923698425292969,5.908204078674316,5.894586086273193,5.882828712463379,5.87291145324707,5.864819526672363,5.858539581298828,5.854062080383301,5.851381301879883,5.850491523742676,5.8513922691345215,5.854084491729736,5.8585734367370605,5.864866733551025,5.872970581054688,5.882899761199951,5.894669532775879,5.908300399780273,6.465395927429199,6.385891437530518,6.310222625732422,6.238215923309326,6.169698238372803,6.104517936706543,6.0425310134887695,5.995421886444092,3.90185284614563,3.691749811172485,3.504135131835937,3.335641384124756,3.18353271484375,3.0455851554870605,2.919951677322388,2.8050994873046875,2.699730396270752,2.602764368057251,2.5132603645324707,2.4304277896881104,2.353577852249145,2.2821176052093506,2.215522527694702,2.2140746116638184,2.2389631271362305,2.2651164531707764,2.2925987243652344,4.502946376800537,4.398062705993652,4.299240112304688,4.206018447875977,4.11798906326294,4.03477668762207,3.9560468196868896,3.8814969062805176,3.8108489513397217,3.74385142326355,3.68027663230896,3.619910717010498,3.562570333480835,3.5080718994140625,3.456259250640869,3.4069809913635254,3.3601019382476807,3.315497398376465,3.2730488777160645,3.2326505184173584,3.194201231002808,3.1576144695281982,3.122798442840576,3.0896763801574707,3.0581769943237305,3.0282304286956787,2.9997718334198,2.972748279571533,2.947096824645996,2.9227733612060547,2.8997280597686768,2.8779165744781494,2.857298851013184,2.8378355503082275,2.8194947242736816,2.802238702774048,2.786041259765625,2.770874261856079,2.756709098815918,2.7435226440429688,2.731296300888061,2.7200043201446533,2.7096307277679443,2.700160264968872,2.691577196121216,2.6838667392730717,2.6770167350769043,1.1516482830047607,1.1494228839874268,1.147558569908142,1.146048665046692,1.1448924541473389,1.1440904140472412,1.1436389684677124,1.1435353755950928,1.1437835693359375,1.1443819999694824,1.145329833030701,1.146632194519043,1.1482892036437988,1.150303602218628,1.1526787281036377,1.1554163694381714,1.1585246324539185,1.162005066871643,1.1658629179000854,1.1701070070266724,1.1747441291809082,1.1797780990600586,1.1852214336395264,1.1910815238952637,1.1973663568496704,1.2040890455245972,1.2112613916397097,1.218894362449646,1.2270017862319946,1.2355984449386597,1.2446987628936768,1.254323959350586,1.2644864320755005,1.2752082347869873,1.2865110635757446,1.2984179258346558,1.3109514713287354,1.324138641357422,1.3380056619644165,1.3525859117507937,1.3679124116897583,1.3840168714523315,1.400937557220459,1.4187184572219849,1.4374001026153564,1.4570331573486328,1.477670431137085,1.499364137649536,1.522175669670105,1.5461747646331787,1.5714296102523804,1.5980219841003418,1.6260358095169067,1.6555637121200562,1.6867088079452517,1.7195883989334106,1.7543187141418457,1.7910404205322266,1.8299057483673096,1.8710806369781492,1.914751648902893,1.9611237049102783,2.010425806045532,2.0629208087921143,2.11889386177063,2.1786766052246094,2.242637634277344,2.311194658279419,2.384828805923462,2.464086532592773,2.4473350048065186,2.4264063835144043,2.406564712524414,2.3877694606781006,2.3699841499328613,2.353177547454834,2.337316036224365,2.3223748207092285,2.3083245754241943,2.295141220092773,2.2828023433685303,2.2712855339050293,2.2605748176574707,2.250647783279419,2.24149227142334,2.233091115951538,2.2254316806793213,2.2185003757476807,2.21228575706482,2.2067816257476807,2.2019758224487305,2.197861671447754,2.194433212280273,2.191685438156128,2.189613580703736,2.1882145404815674,2.187485933303833,2.187426805496216,2.188037157058716,2.189319610595703,2.191272735595703,2.19390082359314,2.1972103118896484,2.2012031078338623,2.2058863639831543,2.211268424987793,2.2173571586608887,2.224162578582764,2.231693983078003,2.2399635314941406,2.2489867210388184,2.258776426315308,2.269348621368408,2.280722141265869,2.292915344238281,2.30594801902771,2.319844961166382,2.334628105163574,2.350325107574463,2.3669638633728027,2.384575605392456,2.403191328048706,2.422846794128418,2.44358229637146,2.46543550491333,2.488450050354004,2.512676477432251,2.5381617546081543,2.564962387084961,2.593138694763184,2.6227524280548096,2.65386962890625,2.686568021774292,2.720924139022827,2.7570254802703857,2.794963836669922,2.8348400592803955,2.8767666816711426,2.9208555221557617,2.9672415256500244,3.0160608291625977,3.0674664974212646,3.1216306686401367,3.178727149963379,3.238964319229126,3.302558660507202,3.3697524070739746,3.440808057785034,3.516026735305786,3.5957326889038086,3.6802897453308105,3.770100355148315,3.865614652633667,3.967339277267456,4.0758442878723145,4.191773414611816,4.315845966339111,4.448890686035156
1.7634630939867763e+18,0.8218811046749266,-0.4189609128950535,23.65446947175315,18.90181983715884,8.95934009552002,9.012486457824709,8.966696739196777,8.924088478088379,11.431711196899414,inf,inf,inf,inf,inf,inf,inf,inf,inf,inf,inf,inf,inf,inf,9.7909517288208,4.94045877456665,2.434194564819336,2.4370338916778564,2.4406235218048096,2.2981479167938232,1.9848631620407104,1.7472208738327026,1.5608240365982056,1.4107518196105957,1.2873684167861938,1.1841620206832886,1.0965869426727295,1.02136492729187,0.9560742974281312,0.8988884091377258,0.8484022617340088,0.8040474653244019,0.7637896537780762,0.7275797724723816,0.6948525905609131,0.6651369333267212,0.6380472183227539,0.6132571697235107,0.5904944539070129,0.5695302486419678,0.5501672029495239,0.5322341918945312,0.5155852437019348,0.5000958442687988,0.4856533706188202,0.4721614718437195,0.4595368504524231,0.4477027654647827,0.4365927875041961,0.4261494874954223,0.416316956281662,0.4070512652397156,0.398307055234909,0.3900479078292846,0.3822380900382995,0.3748481869697571,0.3678486943244934,0.361215591430664,0.3549230098724365,0.3489499688148498,0.3432799279689789,0.3378914296627044,0.3327697515487671,0.3279002010822296,0.3232693076133728,0.3188634514808655,0.3146701157093048,0.3106799721717834,0.3068823218345642,0.3032682836055755,0.2998296618461609,0.2965567111968994,0.3015270233154297,0.3107711970806122,0.3207016885280609,0.3313784301280975,0.3429130911827087,0.3553816378116607,0.3689185678958893,0.3836429715156555,0.3997250199317932,0.4173457324504852,0.4367323517799377,0.4581587314605713,0.4819327890872955,0.5084879994392395,0.5383018255233765,0.5720372200012207,0.6104769110679626,0.6546682119369507,0.7059575319290161,0.7662733793258667,0.83810955286026,0.925122082233429,1.0326309204101562,1.1688408851623535,1.3469502925872805,1.5896289348602295,1.939669489860535,2.488506317138672,3.4717276096343994,inf,inf,inf,inf,inf,inf,inf,inf,inf,inf,inf,inf,inf,inf,inf,inf,inf,inf,inf,inf,inf,inf,inf,inf,inf,inf,inf,inf,inf,inf,inf,inf,inf,inf,inf,inf,inf,inf,inf,inf,inf,inf,inf,inf,inf,inf,inf,inf,inf,inf,inf,inf,inf,inf,inf,inf,inf,inf,inf,inf,inf,inf,inf,inf,inf,inf,inf,inf,inf,inf,inf,inf,inf,inf,inf,inf,inf,inf,inf,inf,inf,inf,inf,inf,inf,inf,inf,inf,inf,inf,inf,inf,inf,inf,inf,inf,inf,inf,inf,inf,inf,inf,inf,inf,inf,inf,inf,inf,inf,inf,inf,inf,inf,inf,inf,inf,inf,inf,inf,inf,inf,inf,inf,inf,inf,inf,inf,inf,inf,inf,inf,inf,inf,inf,inf,inf,inf,inf,inf,inf,inf,inf,inf,inf,inf,inf,inf,inf,inf,inf,inf,inf,inf,inf,inf,inf,inf,inf,inf,inf,inf,inf,inf,inf,inf,inf,inf,inf,inf,inf,inf,inf,inf,inf,inf,inf,inf,inf,inf,inf,inf,inf,9.960111618041992,4.665432453155518,3.04677677154541,2.2624661922454834,1.7997583150863647,1.494547963142395,1.2781922817230225,1.1168315410614014,0.9919066429138184,0.8923935294151306,0.8112404346466064,0.7438066005706787,0.6869434118270874,0.6422498822212219,0.6451447606086731,0.6482641696929932,0.6516143679618835,0.655200719833374,0.6590294241905212,0.6631074547767639,0.6674425601959229,0.6720407605171204,0.6769117712974548,0.6820639967918396,0.6875066161155701,2.5241358280181885,2.5461905002593994,2.5694260597229004,2.5938925743103027,2.619637250900269,2.646716594696045,2.67518949508667,2.7051172256469727,2.736569881439209,2.7696189880371094,2.8043463230133057,2.840834379196167,2.879178524017334,2.9194765090942383,2.9618377685546875,3.0063798427581787,3.053229808807373,3.102529525756836,3.154427051544189,3.2090909481048584,3.2666969299316406,3.3274481296539307,3.3915581703186035,3.459266662597656,3.4777448177337646,3.427942276000977,3.4891357421875,4.858886241912842,4.796402931213379,4.736932277679443,4.680342197418213,4.626475811004639,4.4604668617248535,4.412935733795166,4.480091094970703,4.4360032081604,5.783257007598877,5.981119155883789,6.194962501525879,6.426704406738281,6.678581237792969,6.89830493927002,6.848586082458496,6.801641941070557,6.757394790649414,6.715756416320801,8.971402168273926
1.7634630941568087e+18,1.0859870698124623,-0.6534912561564138,29.233648976077664,23.604323737135694,6.515630722045898,6.766258239746094,7.03917407989502,7.082197666168213,7.032663822174072,6.985931396484375,6.9419355392456055,9.200572967529297,9.250855445861816,9.2019681930542,9.156378746032717,9.11401653289795,inf,inf,inf,inf,inf,inf,inf,inf,inf,inf,inf,inf,inf,inf,5.136996269226074,2.6314401626586914,2.633166074752808,2.635704755783081,2.137090921401977,1.7593297958374023,1.495450735092163,1.3007487058639526,1.1512194871902466,1.0328044891357422,0.936738669872284,0.8572635650634766,0.7904424667358398,0.7334931492805481,0.684393048286438,0.6416407227516174,0.6040852665901184,0.5708527565002441,0.5412387251853943,0.514699399471283,0.4907799363136291,0.4691254496574402,0.4494311511516571,0.4314509928226471,0.4149766862392425,0.3998324871063232,0.3948174118995666,0.3983868956565857,0.4021403789520263,0.4060948193073272,0.4102504551410675,0.4146256446838379,0.4192172586917877,0.4240498840808868,0.4291264712810516,0.4344597160816192,0.4400634169578552,0.4459477066993713,0.4521381556987762,0.4586426913738251,0.4654799103736877,0.4726752042770386,0.48024582862854,0.4882104992866516,0.4966005682945251,0.5054389238357544,0.5147631168365479,0.5245950222015381,0.5349844694137573,0.5459538102149963,0.5575679540634155,0.5698502659797668,0.5828831791877747,0.5967074036598206,0.6113983988761902,0.6270189881324768,0.6436680555343628,0.661434531211853,0.6804195642471313,0.7007449865341187,0.7225496172904968,0.7460002303123474,0.7712625861167908,0.7985459566116333,0.8280924558639526,0.8601939082145691,0.8951534628868103,0.9333904385566713,0.975339412689209,1.0215661525726318,1.0727308988571167,1.1296643018722534,1.1933650970458984,1.2650787830352783,1.3464094400405884,1.4393837451934814,1.546660542488098,1.671775221824646,1.8195102214813232,1.996556043624878,2.2125492095947266,2.481748580932617,2.826540946960449,3.2837624549865723,3.918847799301148,inf,inf,inf,inf,inf,inf,inf,inf,inf,inf,inf,inf,inf,inf,inf,inf,inf,inf,inf,inf,inf,inf,inf,inf,inf,inf,inf,inf,inf,inf,inf,inf,inf,inf,inf,inf,inf,inf,inf,inf,inf,inf,inf,inf,inf,inf,inf,inf,inf,inf,inf,inf,inf,inf,inf,inf,inf,inf,inf,inf,inf,inf,inf,inf,inf,inf,inf,inf,inf,inf,inf,inf,inf,inf,inf,inf,inf,inf,inf,inf,inf,inf,inf,inf,inf,inf,inf,inf,inf,inf,inf,inf,inf,inf,inf,inf,inf,inf,inf,inf,inf,inf,inf,inf,inf,inf,inf,inf,inf,inf,inf,inf,inf,inf,inf,inf,inf,inf,inf,inf,inf,inf,inf,inf,inf,inf,inf,inf,inf,inf,inf,inf,inf,inf,inf,inf,inf,inf,inf,inf,inf,inf,inf,inf,inf,inf,inf,inf,inf,inf,inf,inf,inf,inf,inf,inf,inf,inf,inf,inf,inf,inf,inf,inf,inf,inf,inf,inf,inf,inf,inf,inf,inf,inf,inf,inf,inf,inf,inf,inf,inf,inf,inf,inf,inf,inf,8.936004638671875,6.194070339202881,4.740790843963623,3.8408377170562735,3.228898525238037,2.785902500152588,2.450407028198242,2.187662124633789,1.9763416051864624,1.8027751445770264,1.6576820611953735,1.5346481800079346,1.428997278213501,1.3373663425445557,1.2571383714675903,1.1863276958465576,1.123384952545166,1.0671051740646362,1.0164884328842163,0.9707441329956056,0.9292037487030028,0.8913426399230957,0.8566951155662537,0.8248869180679321,0.7955837845802307,0.7907930612564087,0.7981266975402832,0.80584716796875,0.8139699697494507,0.8225108981132507,0.8314914107322693,0.8409301042556763,0.8508493900299072,0.8612709045410156,2.9161550998687744,2.954627513885498,2.995055913925171,3.037548542022705,3.0822227001190186,3.129200220108032,3.178621292114258,3.2306315898895264,3.285395383834839,3.343088388442993,3.403903007507324,3.468052387237549,3.5357697010040283,3.607309341430664,3.6829545497894287,3.664868116378784,3.648543357849121,5.083258152008057,5.018779754638672,4.957408905029297,4.899005889892578,4.843421459197998,4.676251411437988,4.627145290374756,4.692393779754639,4.652471542358398,6.026796817779541,6.2364044189453125,6.463168621063232
1.7634630548096292e+18,0.9174760877912176,-0.6177254182450679,18.92266141108941,15.644250346089803,3.2703332901000977,3.296999216079712,3.3251278400421143,3.35477614402771,3.386002540588379,3.4188735485076904,3.453456163406372,3.4898228645324707,3.5280559062957764,3.568239450454712,3.610465049743652,3.654834985733032,3.701457977294922,3.750445604324341,3.8019258975982666,3.856036901473999,3.912923574447632,3.9727492332458496,4.035686492919922,4.101926326751709,4.17167329788208,4.245152950286865,4.322617053985596,4.404332637786865,4.490596771240234,4.581740379333496,4.678119659423828,4.780131816864014,4.88822603225708,5.002886295318604,5.124663829803467,5.254162788391113,5.392067909240723,5.539150238037109,5.6962714195251465,5.864416122436523,6.044692039489746,6.238374710083008,6.446916103363037,6.671995639801025,6.915555477142334,7.179848670959473,7.467523574829102,7.781691551208496,8.126052856445312,8.505022048950195,8.923937797546387,9.389277458190918,9.909019470214844,10.49306869506836,11.15390682220459,11.907465934753418,inf,inf,inf,inf,inf,inf,inf,inf,inf,inf,11.992855072021484,11.982789039611816,11.976398468017578,11.973678588867188,11.97461986541748,11.979232788085938,11.987516403198242,11.999482154846191,inf,inf,inf,11.99494743347168,11.839385986328123,11.691341400146484,11.550444602966309,11.416354179382324,11.288755416870115,11.167356491088867,11.051886558532717,10.942094802856444,10.83774757385254,10.73862648010254,10.644529342651367,10.555269241333008,10.47066879272461,10.390569686889648,10.314820289611816,10.243276596069336,10.175813674926758,inf,inf,inf,inf,inf,9.850476264953612,9.808629989624023,9.770112991333008,9.13693141937256,8.904090881347656,8.68541145324707,8.479751586914062,8.286083221435547,8.103485107421875,7.931135177612305,7.768292903900146,7.614288330078125,7.468510150909424,7.330408096313477,7.199484825134277,7.075286388397217,6.957390308380127,6.8454203605651855,6.739025592803955,6.637887001037598,6.541713237762451,6.450230121612549,6.363193511962891,6.280369758605957,6.2015461921691895,6.126528263092041,6.055135250091553,5.987198829650879,5.922561168670654,5.861077785491943,5.802615642547607,5.747049808502197,5.694264888763428,5.644150257110596,5.596609592437744,5.5515456199646,5.508874893188477,5.468515872955322,5.430393218994141,5.394437313079834,5.36058521270752,5.328774929046631,5.298953056335449,5.271064758300781,5.245065689086914,5.220912456512451,5.198563098907471,5.17798376083374,5.1591386795043945,5.141997337341309,5.12653398513794,5.112720966339111,5.100539684295654,5.089970111846924,5.080996036529541,5.073603630065918,5.067781925201416,5.063520431518555,5.060813426971436,5.059656620025635,5.060047626495361,5.676299571990967,5.585909366607666,5.500012874603272,5.418350696563721,5.3406853675842285,5.266805171966553,2.834158420562744,2.512484550476074,2.2570087909698486,2.04925799369812,1.8770549297332764,1.732041835784912,1.6082844734191897,1.5014573335647583,1.4083471298217771,1.3264884948730469,1.253989815711975,1.1893458366394043,1.1533695459365845,1.160858154296875,1.1688027381896973,1.1772197484970093,1.1861257553100586,1.1955350637435913,1.205466389656067,1.2159396409988403,1.226975917816162,3.9247255325317374,3.804353952407837,3.692238569259644,3.5876107215881348,3.4897878170013428,3.398172616958618,3.312228918075561,3.231492042541504,3.155537843704224,3.083996534347534,3.0165274143218994,2.952833652496338,2.892640352249145,2.83569884300232,2.781795024871826,2.7307205200195312,2.682295322418213,2.6363492012023926,2.5927305221557617,2.551298141479492,2.5119292736053467,2.474499464035034,2.4389052391052246,2.405045986175537,2.3728299140930176,2.3421733379364014,2.3129959106445312,2.285228967666626,2.2588043212890625,2.2336575984954834,2.209733247756958,2.186978816986084,2.1653449535369877,2.144784688949585,2.1252543926239014,2.106717109680176,2.089131593704224,2.0724663734436035,2.0566906929016118,2.0417726039886475,2.0276875495910645,2.014404058456421,2.001905918121338,1.9901645183563232,1.9791629314422607,1.9688801765441892,1.959302306175232,1.9504095315933228,1.942190170288086,1.9346288442611692,1.92771315574646,1.921431422233581,1.9157778024673464,1.910738945007324,1.906306862831116,1.902478098869324,1.8992429971694944,1.8966002464294436,1.894542098045349,1.893066644668579,1.8921741247177124,1.891860842704773,1.89212429523468,1.8929691314697263,1.8943942785263064,1.8964024782180784,1.898996472358704,1.902178645133972,1.9059579372406008,1.9103379249572756,1.9153242111206052,1.920926570892334,1.9271540641784668,1.9340145587921145,1.9415218830108645,1.9496840238571167,1.958518624305725,1.9680386781692505,1.978259801864624,1.9892007112503047,2.000877618789673,2.013311624526977,2.026525020599365,2.040543556213379,2.055389165878296,2.071091651916504,2.087679147720337,2.1051836013793945,2.1236393451690674,2.1430823802948,2.1635544300079346,2.18509578704834,2.207754135131836,2.231575489044189,2.2566142082214355,2.282930374145508,2.3105814456939697,2.339635133743286,2.3701629638671875,2.4022436141967773,2.435959577560425,2.471400022506714,2.5086703300476074,2.5478720664978027,2.5891218185424805,2.632549285888672,2.6782917976379395,2.726501941680908,2.777343988418579,0.8633490800857544,0.8501205444335938,0.8375431895256042,0.8255847096443176,0.8142063021659851,0.8033789992332458,0.79307621717453,0.7832710146903992,0.7739385962486267,0.7650579810142517,0.7566081285476685,0.7485687732696533,0.7685872912406921,0.792820394039154,0.8188920021057129,0.847000241279602,0.8773868083953857,0.9103239178657532,0.946133315563202,0.985184133052826,1.027928352355957,1.074893832206726,1.1267153024673462,1.184173822402954,1.2482073307037354,1.3199830055236816,1.4009771347045898,1.4930411577224731,1.5985865592956543,1.720758318901062,1.863765239715576,2.033367872238159,2.2376818656921387,2.488495349884033,2.803598403930664,2.9996862411499023,2.993849754333496,2.9889492988586426,2.984976291656494,2.9819254875183105,2.979791641235352,2.9785714149475098,2.978264570236206,2.978867769241333,2.9803831577301025,2.98281478881836,2.9861631393432617,2.9904348850250244,2.995638370513916,3.001779317855835,3.0088679790496826,3.016916513442993,3.0259366035461426,3.035941362380981,3.046947717666626,3.058974266052246,3.072039604187012,3.086167335510254,3.101377248764038,3.117696762084961,3.1351542472839355,3.1537773609161377,3.1736013889312744,3.1946582794189453,3.216989278793335,3.2406320571899414,3.265632152557373
1.7634630550134956e+18,0.8255115119108034,-0.4930781804715041,15.86963735863772,12.621155206412846,3.303086519241333,3.3243088722229004,3.3468339443206787,3.3707082271575928,3.39596962928772,3.422667980194092,3.450855016708374,3.480581998825073,3.5119125843048096,3.5449042320251465,3.5796284675598145,3.616157770156861,3.654569149017334,3.694949150085449,3.7373878955841056,3.781981706619263,3.8288400173187256,3.878075361251831,3.9298095703125,3.984179973602295,4.041329383850098,4.101417064666748,4.164611339569092,4.231098175048828,4.301079750061035,4.374777793884277,4.452430725097656,4.534302234649658,4.620681285858154,4.711886405944824,4.808263778686523,4.910199165344238,5.018120288848877,5.13045597076416,5.251647472381592,5.380389213562012,5.517330646514893,5.663206100463867,5.818830490112305,5.985132694244385,6.163164138793945,6.354113578796387,6.559346675872803,6.780426979064941,7.019150257110596,7.2776031494140625,7.558218955993652,7.863844871520996,8.19783878326416,8.56420612335205,8.967723846435547,9.414170265197754,9.910585403442385,10.46564483642578,11.090169906616213,11.797795295715332,inf,inf,inf,inf,inf,inf,inf,inf,inf,inf,inf,inf,inf,inf,inf,inf,inf,inf,inf,inf,inf,inf,11.89460277557373,11.74140739440918,11.595610618591309,11.4568510055542,11.324799537658691,11.199146270751951,11.07960605621338,10.96590518951416,10.857805252075195,10.75507640838623,10.657499313354492,10.56488800048828,10.477043151855469,10.393807411193848,10.315011978149414,10.240514755249023,10.170172691345217,inf,inf,inf,inf,inf,9.828909873962402,9.784578323364258,9.743612289428713,9.089366912841797,8.850618362426758,8.626664161682129,8.416276931762695,8.218360900878906,8.031940460205078,7.85614013671875,7.690173625946045,7.533331871032715,7.384975910186768,7.244522571563721,7.111448764801025,6.985274314880371,6.865560531616211,6.751914978027344,6.643969535827637,6.5413923263549805,6.443876266479492,6.351138591766357,6.262923240661621,6.178990364074707,6.099116325378418,6.023100852966309,5.9507575035095215,5.881908416748047,5.816394805908203,5.754064083099365,5.694778919219971,5.638413906097412,5.584842681884766,5.53395938873291,5.48565673828125,5.439841270446777,5.396421432495117,5.3553147315979,5.316445350646973,5.279740333557129,5.245131015777588,5.212558269500732,5.181963920593262,5.153292179107666,5.126499652862549,5.101535320281982,5.078359127044678,5.0569329261779785,5.03722095489502,5.019193649291992,5.002819061279297,4.988073348999023,4.974930763244629,4.963372230529785,4.953381538391113,4.944939613342285,4.938035488128662,4.932655334472656,4.92879581451416,4.926450252532959,4.92561149597168,5.568119049072266,5.476919651031494,5.390283584594727,5.307944297790527,5.22966194152832,5.155206203460693,2.715254068374634,2.3752386569976807,2.111482858657837,1.9009736776351929,1.7291096448898315,1.5861886739730835,1.46550714969635,1.3622844219207764,1.2730048894882202,1.1950490474700928,1.126415729522705,1.0655494928359983,1.0112125873565674,1.0121713876724243,1.0188095569610596,1.0258535146713257,1.0333104133605957,1.0412003993988037,1.049532771110535,1.0583280324935913,1.0676015615463257,1.0773704051971436,3.7893314361572266,3.6740009784698486,3.566542387008667,3.466219902038574,3.3723902702331543,3.284486770629883,3.20200514793396,3.124495267868042,3.0515618324279785,2.98284649848938,2.918031454086304,2.8568310737609863,2.798982620239258,2.744252920150757,2.6924290657043457,2.6433236598968506,2.5967538356781006,2.552567481994629,2.510612726211548,2.470759391784668,2.432884693145752,2.3968758583068848,2.362630605697632,2.3300530910491943,2.2990550994873047,2.269554853439331,2.2414815425872803,2.214763164520264,2.1893346309661865,2.1651408672332764,2.1421244144439697,2.120232343673706,2.099419355392456,2.079641342163086,2.060856342315674,2.0430281162261963,2.026120901107788,2.010100841522217,1.9949390888214111,1.980604648590088,1.9670729637146,1.9543169736862185,1.9423174858093264,1.9310510158538816,1.9204998016357424,1.9106433391571045,1.9014685153961184,1.8929557800292969,1.8850951194763184,1.8778692483901975,1.8712698221206665,1.8652867078781128,1.8599077463150024,1.8551262617111208,1.8509345054626465,1.8473261594772337,1.8442933559417725,1.8418349027633667,1.839943766593933,1.8386200666427608,1.8378582000732424,1.837660789489746,1.8380255699157717,1.838953256607056,1.8404455184936523,1.8425040245056152,1.8451323509216309,1.8483349084854128,1.852114200592041,1.856480956077576,1.861437559127808,1.866996169090271,1.873160004615784,1.8799426555633545,1.8873554468154907,1.895409107208252,1.9041165113449097,1.913490295410156,1.923551082611084,1.9343117475509644,1.9457935094833372,1.9580141305923464,1.9709984064102173,1.9847652912139893,1.999342679977417,2.0147554874420166,2.031033754348755,2.048211574554444,2.0663177967071533,2.085394382476806,2.105473518371582,2.126600742340088,2.148820638656616,2.172180652618408,2.196735620498657,2.2225379943847656,2.2496511936187744,2.27813982963562,2.3080742359161377,2.3395326137542725,2.372596263885498,2.4073522090911865,2.4439022541046143,2.48235297203064,2.5228121280670166,2.565414905548096,2.61029052734375,2.6575934886932373,2.7074851989746094,2.760148048400879,2.815777540206909,2.874596357345581,2.936838388442993,3.002776861190796,3.072705030441284,3.146955728530884,3.225893020629883,0.9333234429359436,0.9226930141448976,0.9125760793685912,0.902951180934906,0.8937988877296448,0.8850962519645691,0.8768291473388672,0.868979811668396,0.861529529094696,0.8544654250144958,0.8477731347084045,0.8525680303573608,0.8899175524711609,0.930988311767578,0.97635018825531,1.0266844034194946,1.0828444957733154,1.1458697319030762,1.2170864343643188,1.2981598377227783,1.3912606239318848,1.4992451667785645,1.6259418725967407,1.7766278982162476,1.9587457180023196,2.183218002319336,2.466652631759644,2.83563494682312,3.1275010108947754,3.122566938400269,3.1185994148254395,3.1155941486358643,3.1135458946228027,3.112452745437622,3.112311363220215,3.113125324249268,3.1148903369903564,3.1176116466522217,3.121295928955078,3.1259446144104004,3.131568670272827,3.1381735801696777,3.1457715034484863,3.15437388420105,3.1639950275421143,3.1746485233306885,3.1863534450531006,3.199126482009888,3.2129898071289062,3.2279651165008545,3.2440781593322754,3.2613563537597656,3.279829263687134,3.2995269298553467
1.7634630551837678e+18,0.7492657474844249,-0.4714154132471783,15.86975312182936,12.585280027009825,3.3455560207366943,3.361546039581299,3.378728151321411,3.3971309661865234,3.416785955429077,3.4377291202545166,3.4599950313568115,3.483626127243042,3.508660078048706,3.535148859024048,3.563138484954834,3.592682123184204,3.6238393783569336,3.656667947769165,3.691238641738892,3.7276201248168954,3.765889883041382,3.806129932403565,3.848430156707764,3.892886638641357,3.939599752426148,3.98868465423584,4.040257453918457,4.094454765319824,4.151411056518555,4.211279392242432,4.274230480194092,4.340439319610596,4.410099983215332,4.483428478240967,4.56065845489502,4.642039299011231,4.727848529815674,4.818396091461182,4.914010047912598,5.015060424804688,5.121956825256348,5.235143661499023,5.355123519897461,5.482447147369385,5.617733955383301,5.76167631149292,5.915041923522949,6.0787129402160645,6.253662586212158,6.441012382507324,6.642029285430908,6.858163356781006,7.091080665588379,7.342697143554687,7.615247249603271,7.911321640014648,8.233970642089844,8.586796760559082,8.965255737304688,9.391108512878418,9.862598419189451,10.387280464172363,10.97447395324707,11.63580322265625,inf,inf,inf,inf,inf,inf,inf,inf,inf,inf,inf,inf,inf,inf,inf,inf,inf,inf,inf,inf,inf,inf,11.954601287841797,11.795827865600586,11.64472770690918,11.500926971435549,11.364068984985352,11.23382568359375,11.109895706176758,10.991995811462402,10.879870414733888,10.773269653320312,10.67197322845459,10.575767517089844,10.484463691711426,10.397872924804688,10.315836906433104,10.23819065093994,10.16479206085205,10.205536842346191,inf,inf,inf,inf,9.806666374206545,9.759716033935549,9.716168403625488,9.071059226989746,8.824997901916504,8.59449291229248,8.378226280212402,8.175013542175293,7.983810901641846,7.8036789894104,7.633782863616943,7.473366737365723,7.321743965148926,7.178306579589844,7.042495250701904,6.913802146911621,6.791768550872803,6.6759796142578125,6.566043376922607,6.461618423461914,6.362375259399414,6.268025875091553,6.178295135498047,6.092935562133789,6.011719226837158,5.934430122375488,5.860873699188232,5.790870189666748,5.724249362945557,5.660856246948242,5.600545883178711,5.543186664581299,5.488651752471924,5.43682861328125,5.387606620788574,5.340888023376465,5.296580314636231,5.254594326019287,5.2148542404174805,5.177281856536865,5.14180850982666,5.108371734619141,5.076911449432373,5.047369003295898,5.019696235656738,4.993845939636231,4.969773769378662,4.947437286376953,4.926802158355713,4.907835006713867,4.890501499176025,4.874778747558594,4.860640525817871,4.848060607910156,4.837023735046387,4.827510356903076,4.819506168365479,4.8129987716674805,4.807976722717285,4.804435729980469,4.802367687225342,4.801770687103272,5.395510673522949,5.3075995445251465,5.224077701568604,5.144695281982422,5.069217205047607,2.7346889972686768,2.3507466316223145,2.061893939971924,1.8367544412612915,1.6564072370529177,1.5087242126464844,1.3856072425842283,1.2814322710037231,1.1921712160110474,1.1148492097854614,1.0472441911697388,0.9876613020896912,0.9347617030143738,0.8874983191490173,0.8812328577041626,0.8870576620101929,0.8932373523712158,0.8997795581817627,0.9066988229751588,0.9140064716339112,0.9217172265052797,0.9298465847969056,0.938409149646759,0.9474249482154846,0.9569114446640016,3.4775424003601074,3.380290269851685,3.289304256439209,3.204047441482544,3.1240274906158447,3.048818826675415,2.9780361652374268,2.911334753036499,2.848412275314331,2.7889835834503174,2.7328038215637207,2.6796464920043945,2.629307746887207,2.5816009044647217,2.536356210708618,2.4934206008911133,2.4526515007019043,2.4139199256896973,2.3771111965179443,2.342113494873047,2.308826208114624,2.277158260345459,2.247027635574341,2.2183544635772705,2.191063404083252,2.1650912761688232,2.140376091003418,2.116857051849365,2.094484806060791,2.073207139968872,2.0529816150665283,2.0337610244750977,2.015508890151977,1.9981863498687744,1.9817606210708616,1.9662010669708248,1.951475739479065,1.9375567436218264,1.9244201183319087,1.9120410680770876,1.900399923324585,1.8894736766815183,1.8792428970336916,1.8696917295455933,1.8608043193817136,1.8525649309158323,1.8449598550796509,1.8379764556884768,1.8316054344177248,1.8258358240127563,1.820656657218933,1.8160598278045652,1.812041521072388,1.8085912466049197,1.805707573890686,1.803382515907288,1.801613926887512,1.800400972366333,1.799737572669983,1.7996271848678589,1.8000656366348269,1.8010571002960205,1.80260169506073,1.804699420928955,1.8073577880859373,1.8105789422988887,1.8143659830093384,1.818729043006897,1.8236709833145144,1.8292016983032229,1.8353283405303955,1.8420625925064087,1.849414110183716,1.8573964834213257,1.866019368171692,1.8753013610839844,1.8852542638778689,1.8958975076675413,1.907247543334961,1.9193265438079836,1.932154655456543,1.9457526206970213,1.960150122642517,1.975368618965149,1.9914404153823853,2.008395910263061,2.026268482208252,2.0450923442840576,2.064908504486084,2.085754871368408,2.1076788902282715,2.1307287216186523,2.1549527645111084,2.180411100387573,2.20715880393982,2.235265016555786,2.264798641204834,2.2958362102508545,2.328456163406372,2.3627498149871826,2.398815631866455,2.4367563724517822,2.476685047149658,2.518729448318481,2.563023567199707,2.609715461730957,2.658971071243286,2.7109649181365967,2.765895128250122,2.8239803314208984,2.885460615158081,2.9506006240844727,3.019692659378052,3.09307074546814,3.171095609664917,3.2541799545288086,3.3427863121032715,3.437436819076538,3.538715124130249,3.6472909450531006,3.684518337249756,1.0153241157531738,1.006290316581726,0.9977209568023682,0.9895946383476256,0.9818974137306212,0.97461599111557,0.967736542224884,0.9612439870834352,0.955128014087677,0.9493796825408936,0.9655354022979736,1.0222781896591189,1.0864588022232056,1.1596119403839111,1.243743658065796,1.3414756059646606,1.456360936164856,1.5932960510253906,1.7592514753341677,1.9644780158996584,2.224668025970459,2.565223693847656,3.0299692153930664,3.2461376190185547,3.242162704467773,3.239187717437744,3.2372074127197266,3.2362191677093506,3.2362213134765625,3.2372143268585205,3.239198446273804,3.242180347442627,3.246159553527832,3.2511446475982666,3.257145404815674,3.264167308807373,3.272223472595215,3.281324625015259,3.291489362716675,3.302727460861206,3.315063714981079,3.32851243019104,3.3430991172790527
1.7634630553539622e+18,0.7858071655808356,-0.4712991903266184,18.92266752890957,15.643259070621124,3.433422565460205,3.4444451332092285,3.4566001892089844,3.4699082374572754,3.484389066696167,3.500066041946411,3.5169644355773926,3.5351154804229736,3.554549217224121,3.575296401977539,3.5973939895629883,3.620883464813232,3.645801782608032,3.672199726104736,3.700119972229004,3.7296221256256095,3.7607553005218506,3.793584108352661,3.828174114227295,3.864592075347901,3.902916193008423,3.94322681427002,3.985612392425537,4.030162811279297,4.07698392868042,4.126183032989502,4.177878856658936,4.2321977615356445,4.289276599884033,4.349264621734619,4.412325859069824,4.478631973266602,4.548373699188232,4.621758937835693,4.699013710021973,4.780381679534912,4.8661322593688965,4.956561088562012,5.0519890785217285,5.152771472930908,5.2592973709106445,5.372000694274902,5.489467144012451,5.615838050842285,5.7499680519104,5.892505168914795,6.044188499450684,6.205835342407227,6.378374576568604,6.56284236907959,6.76043176651001,6.97248649597168,7.20054817199707,7.4463934898376465,7.712059497833252,7.9999260902404785,8.312751770019531,8.65379810333252,9.026909828186035,9.436655044555664,9.888541221618652,10.38922119140625,10.946837425231934,11.571441650390623,inf,inf,inf,inf,inf,inf,inf,inf,inf,inf,inf,inf,inf,inf,inf,inf,inf,inf,inf,inf,inf,inf,11.99192237854004,11.827710151672363,11.67145824432373,11.522762298583984,11.38124656677246,11.246562957763672,11.11839199066162,10.99643898010254,10.880422592163086,10.770092964172363,10.665205955505373,10.565546035766602,10.470903396606444,10.381091117858888,10.29593276977539,10.215256690979004,10.138915061950684,10.165544509887695,inf,inf,inf,inf,9.76453685760498,9.715057373046877,9.66901683807373,9.008895874023438,8.7564115524292,8.520228385925293,8.29892635345459,8.091238021850586,7.896052360534668,7.71236515045166,7.539283275604248,7.376007556915283,7.221817016601562,7.076061725616455,6.938155651092529,6.807565689086914,6.6838059425354,6.566440105438232,6.455068588256836,6.349318504333496,6.248861789703369,6.153387546539307,6.06261157989502,5.976279258728027,5.894148349761963,5.816003322601318,5.741633415222168,5.67085599899292,5.603495121002197,5.539391994476318,5.478395462036133,5.420370578765869,5.365182399749756,5.312719345092773,5.262866973876953,5.215521335601807,5.170588970184326,5.1279802322387695,5.08760929107666,5.049403667449951,5.013291835784912,4.97920560836792,4.947081089019775,4.916864395141602,4.888501167297363,4.861944198608398,4.837143421173096,4.814062118530273,4.79265832901001,4.772899627685547,4.754749774932861,4.738184928894043,4.723173141479492,4.70969295501709,4.697723388671875,4.687245845794678,4.6782426834106445,4.670699119567871,4.664607524871826,4.659953594207764,4.656733989715576,4.654942989349365,5.296060562133789,5.207180023193359,5.122775077819824,5.042581558227539,4.966353893280029,4.893874645233154,2.379014253616333,2.0519275665283203,1.8044077157974243,1.6106088161468506,1.4548017978668213,1.3268531560897827,1.219931721687317,1.1292864084243774,1.051469802856445,0.9839682579040528,0.9248799085617064,0.872738242149353,0.8263981938362122,0.7849643230438232,0.7477019429206848,0.7299405932426453,0.7350637912750244,0.740486204624176,0.7462204098701477,0.752277672290802,0.7586659789085388,0.7654004096984863,0.7724950313568115,0.7799628376960754,0.7878198027610779,0.7960811257362366,0.804767906665802,0.8138978481292725,3.1356215476989746,3.057739734649658,2.9845259189605717,2.915607690811157,2.8506510257720947,2.7893614768981934,2.73147201538086,2.6767361164093018,2.624938488006592,2.5758814811706543,2.5293843746185303,2.4852843284606934,2.4434287548065186,2.4036848545074463,2.3659238815307617,2.330033540725708,2.295906543731689,2.263448476791382,2.2325708866119385,2.20318603515625,2.175225019454956,2.148611307144165,2.123284339904785,2.0991806983947754,2.076248407363892,2.0544328689575195,2.0336856842041016,2.013965845108032,1.9952270984649656,1.9774342775344849,1.9605512619018557,1.9445444345474243,1.9293798208236692,1.9150326251983645,1.9014757871627808,1.8886834383010864,1.876632809638977,1.865301489830017,1.854669451713562,1.8447201251983645,1.8354339599609373,1.8267992734909055,1.81879723072052,1.8114185333251955,1.8046486377716064,1.7984789609909058,1.792896747589111,1.7878949642181396,1.783464431762695,1.7795990705490112,1.7762947082519531,1.7735427618026731,1.7713403701782229,1.7696845531463623,1.7685723304748535,1.7680017948150637,1.7679723501205444,1.7684860229492188,1.7695392370224,1.771138072013855,1.7732807397842407,1.7759747505187988,1.7792203426361084,1.7830268144607544,1.78739595413208,1.7923369407653809,1.7978557348251345,1.8039629459381104,1.810669183731079,1.8179831504821775,1.8259168863296509,1.834483742713928,1.8436987400054927,1.8535770177841189,1.8641340732574463,1.8753902912139893,1.8873637914657595,1.900076150894165,1.913553237915039,1.9278132915496824,1.9428874254226685,1.9588052034378047,1.9755935668945312,1.9932878017425537,2.0119221210479736,2.0315375328063965,2.052170991897583,2.073872327804565,2.0966827869415283,2.120659112930298,2.1458523273468018,2.172325611114502,2.200141429901123,2.229368209838867,2.260084390640259,2.2923717498779297,2.326315402984619,2.362012386322021,2.399567127227783,2.439095020294189,2.4807207584381104,2.524575710296631,2.5708086490631104,2.6195852756500244,2.6710801124572754,2.7254934310913086,2.783036231994629,2.84395170211792,2.9085042476654053,2.9769859313964844,3.0497255325317383,3.1270904541015625,3.2094905376434326,3.2973880767822266,3.391297578811645,3.491818428039551,3.599614143371582,3.715447425842285,3.811227560043335,3.7775378227233887,3.7455763816833496,3.715275764465332,1.1412159204483032,1.1328130960464478,1.1248754262924194,1.117388129234314,1.110337257385254,1.103709697723389,1.0974938869476318,1.0916805267333984,1.0862597227096558,1.081221580505371,1.120428442955017,1.2095674276351929,1.3145543336868286,1.439988136291504,1.5924124717712402,1.7815324068069458,2.022335767745972,2.339236259460449,2.774924993515014,3.393141746520996,3.3891406059265137,3.386185884475708,3.384269952774048,3.383389711380005,3.3835465908050537,3.3847389221191406,3.3869690895080566,3.390239715576172,3.3945565223693848,3.3999269008636475,3.406357288360596,3.413859605789185,3.4224445819854736,3.432124137878418
1.7634630777842831e+18,0.6338555019630616,0.2688433956772079,13.63233581743124,16.735771040955164,inf,inf,inf,inf,inf,inf,inf,inf,inf,inf,inf,inf,inf,inf,inf,inf,inf,inf,inf,inf,inf,inf,inf,inf,3.62910795211792,3.4663097858428955,3.3184640407562256,3.183655023574829,3.13421893119812,3.159751415252685,3.300091505050659,3.32948637008667,3.3604485988616943,3.39304256439209,3.4273297786712646,3.46338963508606,3.501300811767578,2.2946970462799072,2.235724210739136,2.180353164672852,2.128300905227661,2.0792934894561768,2.033100128173828,1.989511251449585,1.948336362838745,1.9093987941741943,1.8725535869598389,1.8376541137695312,1.8045748472213743,1.7731977701187134,1.7434178590774536,1.7151374816894531,1.6882672309875488,1.662727952003479,1.638442873954773,1.615345120429993,1.5933703184127808,1.572459101676941,1.5525600910186768,1.533622145652771,1.5155954360961914,1.4984418153762815,1.482124924659729,1.4665979146957395,1.451834201812744,1.4378015995025637,1.4244709014892578,1.4118095636367798,1.3997968435287476,1.3884119987487793,1.377624273300171,1.36741840839386,1.3577786684036257,1.3486777544021606,1.3401095867156982,1.3320558071136477,1.3410664796829224,1.353102684020996,1.3657777309417725,1.3791224956512451,1.39315664768219,1.4079158306121826,1.4234325885772705,1.4397428035736084,1.4568804502487185,1.4748821258544922,1.4938064813613892,1.513687252998352,1.5345771312713623,1.5565416812896729,1.5796278715133667,1.603911519050598,1.6294596195220947,1.6563457250595093,1.6846599578857422,1.714496374130249,1.7459510564804075,1.779135823249817,1.8141738176345823,1.8511935472488403,1.8903435468673704,1.93179452419281,1.9757225513458248,2.022329807281494,2.0718343257904053,2.124488353729248,2.180579423904419,2.2404110431671143,2.3043465614318848,2.3727834224700928,2.4461798667907715,2.525068521499634,3.950936317443848,3.9160873889923096,3.8830246925354,3.851684808731079,3.8220064640045166,3.7939341068267822,3.767416000366211,3.742403268814087,3.718850135803223,3.6967155933380127,3.6759629249572754,3.656553030014038,3.6384551525115967,3.6216378211975098,3.606074094772339,3.591737508773804,3.578606128692627,3.566657066345215,3.555871963500977,3.5462329387664795,3.537726402282715,3.5303397178649902,3.5240588188171387,3.5188746452331543,3.514779567718506,3.511767864227295,3.509833812713623,3.5089757442474365,3.5091915130615234,3.510481357574463,3.512847423553467,3.516294240951538,3.520825147628784,3.5264480113983154,3.533172845840454,3.5410077571868896,3.549967765808105,3.5600647926330566,3.571314811706543,3.5837361812591557,3.597349166870117,3.6121764183044434,3.628240346908569,3.6455678939819336,3.6641883850097656,3.6841344833374015,3.705437660217285,3.8574025630950928,3.8823742866516113,6.377443790435791,6.110469818115234,5.8666815757751465,5.643254280090332,5.437819480895996,5.248373985290527,5.073173999786377,4.9107584953308105,4.759827136993408,4.619260311126709,4.303257465362549,4.318021774291992,4.250645160675049,4.142940998077393,4.041758060455322,3.946582555770874,3.856935739517212,3.7724008560180655,3.692596912384033,3.617187976837158,3.545858144760132,3.478326797485352,3.414350986480713,3.353688240051269,3.3670434951782227,3.4292612075805664,8.181163787841797,8.054683685302734,7.934445381164551,7.820099830627441,7.71133279800415,7.607848644256592,7.509367942810059,4.230763912200928,4.179873466491699,4.290020942687988,4.257837295532227,4.300413131713867,4.671331882476807,4.817056655883789,4.973737239837647,5.142579078674316,5.324975490570068,5.522534370422363,5.73714542388916,5.971008777618408,6.226736068725586,6.507427215576172,6.8168044090271,7.159366130828857,7.540607929229736,7.967312335968018,8.447946548461914,8.759799003601074,9.924308776855469,inf,11.177144050598145,inf,inf,inf,inf,inf,inf,inf,inf,inf,inf,inf,inf,4.786764144897461,4.788825035095215,4.792350769042969,4.797355175018311,4.803841590881348,4.81181526184082,4.821293830871582,4.487085819244385,0.3453060090541839,0.3107435405254364,0.2825486958026886,0.2680131793022156,0.2690470814704895,0.2701734006404876,0.2713943123817444,0.2727081179618835,0.2741173207759857,0.2756285667419433,0.2772448360919952,0.2789612412452698,0.2807892858982086,0.2827244400978088,0.2847747504711151,0.2869444191455841,0.2892380058765411,0.2916562259197235,0.2942084372043609,0.2968961000442505,0.2997251451015472,0.3027019798755646,0.3058379888534546,0.3091272711753845,0.3125911653041839,0.3162293136119842,0.3200507760047912,0.3240654766559601,0.3282888233661651,0.3327228128910064,0.3373846709728241,0.3422828614711761,0.3474369347095489,0.3528575599193573,0.3585566282272339,0.3645577132701874,0.3708864748477936,0.3775488138198852,0.3845739960670471,0.391993910074234,0.399820327758789,0.4081020653247833,0.4168623983860016,0.426139771938324,0.4359767436981201,0.4464141428470611,0.4575109779834747,0.4693194627761841,0.4819053709506988,0.4953426122665405,0.5097148418426514,0.5251016616821289,0.5416173338890076,0.5593927502632141,0.5785527229309082,0.5992593169212341,0.6217002272605896,0.6460949778556824,0.6726914644241333,0.7018036246299744,0.7337840795516968,0.7690563201904297,0.7892391085624695,0.7964581847190857,0.8040591478347778,0.8120580911636353,0.8204712271690369,0.8293155431747437,0.83861243724823,0.8483843207359314,0.8586515784263611,0.8694394826889038,0.8807721734046936,0.892686665058136,0.905204176902771,0.9183667302131652,0.9322040677070618,0.9467583298683168,0.9620760083198548,0.9781993627548218,0.9951838254928588,1.0130829811096191,1.031959056854248,1.0518810749053955,1.0729213953018188,1.0951610803604126,1.1186976432800293,1.1436179876327517,1.1700431108474731,1.1980944871902466,1.227910399436951,1.2596397399902344,1.2934587001800537,1.3295674324035645,1.368178129196167,1.4095396995544434,1.4539382457733154,1.501707911491394,1.553203582763672,1.6088707447052002,1.669206142425537,1.7347972393035889,1.8063255548477173,1.8846060037612915,1.970618724822998,4.787634372711182,4.826250553131104,4.866995811462402,4.909951210021973,4.955201148986816,5.002837657928467,5.05295991897583,5.105674743652344,5.161098480224609,5.219351291656494,5.280568599700928,5.344894886016846,5.460230350494385,6.251437187194824,11.740875244140623,11.906570434570312,inf
1.7634630779548244e+18,0.7518194240032028,0.4566681508478895,12.007144998663977,16.544237854835185,inf,inf,inf,inf,inf,inf,inf,inf,inf,inf,inf,inf,inf,inf,inf,inf,inf,inf,3.7141408920288086,3.542804956436157,3.387568950653076,3.25227952003479,3.276923894882202,3.414909601211548,3.4433186054229736,3.473271608352661,3.504836082458496,3.5380709171295166,3.5730443000793457,3.609833478927612,2.3870396614074707,2.3220276832580566,2.2611336708068848,2.204010009765625,2.150343418121338,2.099857807159424,2.052297592163086,2.0074496269226074,1.9651050567626955,1.925086617469788,1.8872318267822263,1.8513920307159424,1.8174376487731931,1.7852396965026855,1.7546899318695068,1.725690841674805,1.6981414556503296,1.671962022781372,1.6470766067504885,1.6234078407287598,1.6008957624435425,1.5794730186462402,1.559087157249451,1.539685845375061,1.5212256908416748,1.5036509037017822,1.4869320392608645,1.4710243940353394,1.4558943510055542,1.441508412361145,1.427839756011963,1.414853572845459,1.4025284051895142,1.3908371925354004,1.3797576427459717,1.3886679410934448,1.3982725143432615,1.4084490537643433,1.4192050695419312,1.430573344230652,1.442568063735962,1.455212950706482,1.46853768825531,1.482565999031067,1.4973273277282717,1.5128536224365234,1.5291790962219238,1.5463321208953855,1.5643653869628906,1.5833133459091189,1.6032211780548096,1.6241402626037598,1.646123290061951,1.6692293882369995,1.6935116052627563,1.7190531492233276,1.7459137439727783,1.774184226989746,1.8039374351501465,1.8352845907211304,1.8683204650878904,1.903159737586975,1.9399224519729612,1.9787585735321045,2.0198090076446533,2.0632474422454834,2.109248638153076,2.158030271530152,2.2098100185394287,2.2648425102233887,2.323420763015747,2.385852336883545,2.452505350112915,3.967627763748169,3.92710280418396,3.8885748386383057,3.85196304321289,3.8171911239624015,3.784188985824585,3.7528905868530273,3.723236560821533,3.695169448852539,3.668635129928589,3.643588542938232,3.6199798583984375,3.597769498825073,3.576918125152588,3.5573887825012207,3.539149522781372,3.522167682647705,3.5064165592193604,3.491868495941162,3.478501796722412,3.4662930965423584,3.455223321914673,3.4444470405578613,3.4356470108032227,3.427936553955078,3.421306610107422,3.41574501991272,3.411243200302124,3.4077959060668945,3.405395030975342,3.404038667678833,3.4037253856658936,3.4044535160064697,3.406224012374878,3.4090404510498047,3.4129064083099365,3.417828321456909,3.423814296722412,3.430871963500977,3.439013957977295,3.4482524394989014,3.4586009979248047,3.470077514648437,3.48270034790039,3.496487855911255,3.511465072631836,3.527653694152832,3.5450830459594727,3.56378173828125,3.583780288696289,3.7339799404144287,6.548314571380615,6.252714157104492,5.984402656555176,5.739853858947754,5.516135215759277,5.310761451721191,5.121642589569092,4.946990966796875,4.785279273986816,4.63517427444458,4.495535850524902,4.177847385406494,4.169460773468018,4.1299967765808105,4.023371696472168,3.923283100128174,3.8291945457458496,3.740628242492676,3.65716814994812,3.578416585922241,3.504033327102661,3.4337124824523926,3.367166042327881,3.304141998291016,3.2444090843200684,3.187753915786743,3.245298147201538,3.306330919265747,7.987059593200684,7.865714073181152,7.7503342628479,7.640598297119141,7.536198139190674,7.436853885650635,7.342318534851074,4.086780071258545,4.043530464172363,4.1532087326049805,4.1204609870910645,4.157121658325195,4.529989719390869,4.674258232116699,4.829546928405762,4.997088432312012,5.178310871124268,5.37488317489624,5.588743209838867,5.822186470031738,6.077917098999023,6.359183311462402,6.669883728027344,7.014763355255127,7.399638652801514,7.8317365646362305,8.320130348205566,8.638975143432617,9.802844047546388,inf,11.092657089233398,inf,inf,inf,inf,inf,inf,inf,inf,inf,inf,inf,inf,6.97126054763794,4.69299840927124,4.697175025939941,4.702795505523682,4.70987606048584,4.718420505523682,4.728448867797852,4.73997163772583,4.41985559463501,3.9990463256835938,3.652422189712525,3.36204195022583,3.115317821502685,2.903153896331787,2.7188282012939453,2.557243585586548,2.414487600326538,2.287489891052246,2.1738152503967285,2.071509599685669,1.9789776802062988,1.8949129581451416,1.818233847618103,1.7480343580245972,1.6835488080978394,1.624131679534912,1.5692286491394043,1.5183659791946411,0.3227782547473907,0.3131330907344818,0.3041388094425201,0.2957338988780975,0.2878676652908325,0.2804920673370361,0.2735660374164581,0.2670531272888183,0.260922372341156,0.2551430463790893,0.2496890574693679,0.244535431265831,0.2396625578403473,0.2350512742996215,0.2306828647851944,0.2312258780002594,0.2353042066097259,0.2396079301834106,0.244147852063179,0.2489359229803085,0.2540030479431152,0.2593591213226318,0.2650213241577148,0.2710276842117309,0.2774010002613067,0.2841666936874389,0.2913667559623718,0.2990274131298065,0.3072067201137543,0.315940797328949,0.3252857029438019,0.335312932729721,0.34607994556427,0.3576858937740326,0.3702020049095154,0.3837554156780243,0.3984569609165191,0.4144656062126159,0.4319584667682647,0.4511249661445617,0.4722355902194977,0.4955707490444183,0.521507978439331,0.5504862666130066,0.583051860332489,0.6199216842651367,0.6619812250137329,0.710396945476532,0.7667121887207031,0.8329924941062927,0.8679730892181396,0.8790796995162964,0.8907524347305298,0.9030213356018066,0.9159135818481444,0.9294713735580444,0.943725287914276,0.9587228894233704,0.9745081663131714,0.9911324977874756,1.008646011352539,1.027109146118164,1.046587347984314,1.067149043083191,1.0888779163360596,1.1118582487106323,1.1361805200576782,1.1619571447372437,1.1893023252487185,1.2183483839035034,1.249242067337036,1.2821389436721802,1.3172340393066406,1.3547335863113403,1.3948649168014526,1.4379066228866575,1.4841506481170654,1.533955216407776,1.5877182483673096,1.6459157466888428,1.7090792655944824,1.7778514623641968,1.8529791831970213,1.935360312461853,2.026051521301269,2.1263463497161865,4.963011741638184,5.005854606628418,5.051003932952881,5.098547458648682,5.148586750030518,5.201224327087402,5.256575107574463,5.314759731292725,5.375911235809326,5.440169811248779,5.507688999176025,5.852752685546875,11.793730735778809,11.957175254821776,inf,inf,inf,inf,inf,inf,inf
1.763463134800949e+18,0.0,1.0044146779088077,-3.500056979628258,3.5176754726378,inf,inf,inf,inf,inf,inf,inf,inf,inf,inf,inf,inf,inf,inf,inf,inf,inf,inf,inf,inf,inf,inf,inf,inf,inf,inf,inf,inf,inf,inf,inf,inf,inf,inf,inf,inf,inf,inf,inf,inf,inf,inf,inf,inf,inf,inf,inf,inf,inf,inf,inf,inf,inf,inf,inf,inf,inf,inf,inf,inf,inf,inf,inf,inf,inf,inf,inf,inf,inf,inf,inf,inf,inf,inf,inf,inf,inf,inf,inf,inf,inf,inf,inf,inf,inf,inf,inf,inf,inf,inf,inf,inf,inf,inf,inf,inf,inf,inf,inf,inf,inf,inf,inf,inf,inf,inf,inf,inf,inf,inf,inf,inf,inf,inf,inf,inf,inf,inf,inf,inf,inf,inf,inf,inf,inf,inf,inf,inf,inf,inf,inf,inf,inf,inf,inf,inf,inf,inf,inf,inf,inf,inf,inf,inf,inf,inf,inf,inf,inf,inf,inf,inf,inf,inf,inf,inf,inf,inf,inf,inf,inf,inf,inf,inf,inf,inf,inf,inf,inf,inf,inf,inf,inf,inf,inf,inf,inf,inf,inf,inf,inf,inf,inf,inf,inf,inf,inf,inf,inf,inf,inf,inf,inf,inf,inf,inf,inf,inf,inf,inf,inf,inf,inf,inf,inf,inf,inf,inf,inf,inf,inf,inf,inf,inf,inf,inf,inf,inf,inf,inf,inf,inf,inf,inf,inf,inf,inf,inf,inf,inf,inf,inf,inf,inf,inf,inf,inf,inf,inf,inf,inf,inf,inf,inf,inf,inf,inf,inf,inf,inf,inf,inf,inf,inf,inf,inf,inf,inf,inf,inf,inf,inf,inf,inf,inf,10.88148021697998,9.16026210784912,7.9112958908081055,7.436516284942627,6.2208333015441895,5.62263298034668,5.130805492401123,4.719424247741699,4.370361328125,4.070542812347412,3.810297966003418,3.5823702812194824,3.381141901016236,3.2022485733032227,3.042217493057251,2.8982722759246826,2.7681264877319336,2.6499531269073486,2.5422022342681885,2.463583469390869,2.4836313724517822,2.5047831535339355,2.5270745754241943,2.550557374954224,2.575272798538208,2.601278066635132,2.62862491607666,2.657376289367676,2.6875927448272705,2.719348192214966,2.7527146339416504,2.78777289390564,2.8246123790740967,2.8633244037628174,2.9040157794952397,2.9467928409576416,2.9917800426483154,3.0391063690185547,3.0889148712158203,3.141359567642212,3.196608781814575,3.2548539638519287,3.316291332244873,3.381148099899292,3.449670791625977,3.5221261978149414,3.598817110061645,3.6800732612609854,3.766260147094727,3.857793092727661,3.955123901367188,4.0587663650512695,4.16930103302002,4.287369728088379,4.413711071014404,4.549160480499268,4.694665908813477,4.851323127746582,5.020382404327393,5.203301906585693,5.4017720222473145,5.617768287658691,5.853622913360596,6.112102031707764,6.396511554718018,6.710832595825195,7.059916019439697,7.449713230133057,7.887625694274902,8.382960319519043,8.947602272033691,9.596939086914062,10.351319313049316,11.23814868927002,inf,inf,inf,inf,inf,inf,inf,inf,inf,inf,inf,inf,inf,inf,inf,inf,inf,inf,inf,inf,inf
1.7634631349707471e+18,0.0,1.0044053916963125,-3.5000599406724486,3.517324136240068,inf,inf,inf,inf,inf,inf,inf,inf,inf,inf,inf,inf,inf,inf,inf,inf,inf,inf,inf,inf,inf,inf,inf,inf,inf,inf,inf,inf,inf,inf,inf,inf,inf,inf,inf,inf,inf,inf,inf,inf,inf,inf,inf,inf,inf,inf,inf,inf,inf,inf,inf,inf,inf,inf,inf,inf,inf,inf,inf,inf,inf,inf,inf,inf,inf,inf,inf,inf,inf,inf,inf,inf,inf,inf,inf,inf,inf,inf,inf,inf,inf,inf,inf,inf,inf,inf,inf,inf,inf,inf,inf,inf,inf,inf,inf,inf,inf,inf,inf,inf,inf,inf,inf,inf,inf,inf,inf,inf,inf,inf,inf,inf,inf,inf,inf,inf,inf,inf,inf,inf,inf,inf,inf,inf,inf,inf,inf,inf,inf,inf,inf,inf,inf,inf,inf,inf,inf,inf,inf,inf,inf,inf,inf,inf,inf,inf,inf,inf,inf,inf,inf,inf,inf,inf,inf,inf,inf,inf,inf,inf,inf,inf,inf,inf,inf,inf,inf,inf,inf,inf,inf,inf,inf,inf,inf,inf,inf,inf,inf,inf,inf,inf,inf,inf,inf,inf,inf,inf,inf,inf,inf,inf,inf,inf,inf,inf,inf,inf,inf,inf,inf,inf,inf,inf,inf,inf,inf,inf,inf,inf,inf,inf,inf,inf,inf,inf,inf,inf,inf,inf,inf,inf,inf,inf,inf,inf,inf,inf,inf,inf,inf,inf,inf,inf,inf,inf,inf,inf,inf,inf,inf,inf,inf,inf,inf,inf,inf,inf,inf,inf,inf,inf,inf,inf,inf,10.124987602233888,8.619414329528809,7.505634307861328,7.444230556488037,5.968804359436035,5.416647911071777,4.959386825561523,4.574620246887207,4.246472358703613,3.963356971740722,3.716724157333374,3.4999804496765137,3.3080830574035645,3.137046337127685,2.983692169189453,2.8454694747924805,2.7202749252319336,2.606397151947021,2.502413272857666,2.4713823795318604,2.491865396499634,2.5134642124176025,2.536224365234375,2.5601918697357178,2.5854156017303467,2.611946582794189,2.63984489440918,2.669173002243042,2.6999928951263428,2.732379674911499,2.766411304473877,2.8021671772003174,2.83974027633667,2.8792290687561035,2.9207355976104736,2.9643805027008057,3.0102810859680176,3.0585787296295166,3.109414577484131,3.1629574298858643,3.2193753719329834,3.278867721557617,3.341639757156372,3.407925844192505,3.4779810905456543,3.552083969116211,3.6305510997772217,3.713726043701172,3.8019907474517822,3.895773887634277,3.9955532550811768,4.101869583129883,4.21532154083252,4.336591720581055,4.466455936431885,4.605790138244629,4.755597114562988,4.9170355796813965,5.091429710388184,5.280328273773193,5.4855241775512695,5.709129810333252,5.953640937805176,6.22202205657959,6.517826080322266,6.84536600112915,7.209886074066162,7.617876052856445,8.077425003051758,8.598783493041992,9.195096969604492,9.88352108001709,10.686914443969728,11.63634967803955,inf,inf,inf,inf,inf,inf,inf,inf,inf,inf,inf,inf,inf,inf,inf,inf,inf,inf,inf,inf,inf,inf,inf,inf,inf,inf,inf,inf,inf,inf,inf
1.7634631428338944e+18,1.0620994098969478,0.9070966562878569,17.238833246082088,23.31995024157311,inf,inf,inf,inf,inf,inf,inf,inf,inf,inf,inf,inf,inf,inf,inf,inf,inf,inf,inf,inf,inf,inf,inf,inf,inf,inf,inf,inf,inf,inf,inf,inf,inf,inf,inf,inf,inf,inf,inf,inf,inf,inf,inf,inf,inf,inf,inf,inf,inf,inf,inf,inf,inf,inf,inf,inf,inf,inf,inf,inf,inf,inf,inf,inf,inf,inf,inf,inf,inf,inf,inf,inf,inf,inf,inf,inf,inf,inf,inf,inf,inf,inf,inf,inf,inf,inf,inf,inf,inf,inf,inf,inf,inf,inf,inf,inf,inf,inf,inf,inf,inf,inf,inf,inf,inf,inf,inf,inf,inf,inf,inf,inf,inf,inf,inf,inf,inf,inf,inf,inf,inf,inf,inf,inf,inf,inf,inf,inf,inf,inf,inf,inf,inf,inf,inf,inf,inf,inf,inf,inf,10.327033042907717,8.802650451660156,7.67246675491333,6.801292896270752,6.1094489097595215,5.833267688751221,7.535478115081787,4.688040256500244,4.352992057800293,4.063790321350098,3.811713933944702,3.590125322341919,3.393859386444092,3.218886613845825,3.0619497299194336,2.920462131500244,2.792292594909668,2.675675392150879,2.5691611766815186,2.471534013748169,2.381767988204956,2.298964738845825,2.222373008728028,2.1513683795928955,2.085381269454956,2.023915529251098,1.9665523767471316,1.9129308462142944,1.8626993894577024,1.8155871629714968,1.7713268995285034,1.7296807765960691,1.690468192100525,1.6534781455993652,1.6185559034347534,1.5855635404586792,1.554347276687622,1.524795413017273,1.4967962503433228,1.470248103141785,1.4450633525848389,1.421151638031006,1.3984410762786863,1.3768551349639893,1.3563385009765625,1.3368263244628906,1.318267822265625,1.3006073236465454,1.2837975025177002,1.2678043842315674,1.252583146095276,1.2380958795547483,1.2243083715438845,1.2111973762512207,1.2287760972976685,1.2671833038330078,1.308488130569458,1.3529994487762451,1.4010913372039795,1.453188419342041,1.5097912549972534,1.5714820623397827,1.638948917388916,1.713021159172058,1.7946776151657104,1.8851145505905151,1.985786318778992,2.0985026359558105,2.225503921508789,2.3696401119232178,2.5345652103424072,2.7250635623931885,2.947498083114624,3.21054482460022,3.526327133178711,3.912336826324463,4.3947529792785645,5.014612674713135,5.840126514434815,6.993572235107422,8.71806812286377,11.5761079788208,inf,inf,inf,inf,inf,inf,inf,inf,inf,inf,inf,inf,inf,inf,inf,inf,inf,inf,inf,inf,inf,inf,inf,inf,inf,inf,inf,inf,inf,inf,inf,inf,inf,inf,inf,inf,inf,inf,inf,inf,inf,inf,inf,inf,inf,inf,inf,inf,inf,inf,inf,inf,inf,inf,inf,inf,inf,inf,inf,inf,inf,inf,inf,inf,inf,inf,inf,inf,inf,inf,inf,inf,inf,inf,inf,inf,inf,inf,inf,inf,inf,inf,inf,inf,inf,inf,inf,inf,inf,inf,inf,inf,inf,inf,inf,inf,inf,inf,inf,inf,inf,inf,inf,inf,inf,inf,inf,inf,inf,inf,inf,inf,inf,inf,inf,inf,inf,inf,inf,inf,inf,inf,inf,inf,inf,inf,inf,inf,inf,inf,inf,inf,inf,inf,inf,inf,inf,inf
1.76346314300368e+18,0.9491390852789308,0.8969146375748052,11.973941141240672,18.701053129387404,inf,inf,inf,inf,inf,inf,inf,inf,inf,inf,inf,inf,inf,inf,inf,inf,inf,inf,inf,inf,inf,inf,inf,inf,inf,inf,inf,inf,inf,inf,inf,inf,inf,inf,inf,inf,inf,inf,inf,inf,inf,inf,inf,inf,inf,inf,inf,inf,inf,inf,inf,inf,inf,inf,inf,inf,inf,inf,inf,inf,inf,inf,inf,inf,inf,inf,inf,inf,inf,inf,inf,inf,inf,inf,inf,inf,inf,inf,inf,inf,inf,inf,inf,inf,inf,inf,inf,inf,inf,inf,inf,inf,inf,inf,inf,inf,inf,inf,inf,inf,inf,inf,inf,inf,inf,inf,inf,inf,inf,inf,inf,inf,inf,inf,inf,inf,inf,inf,inf,inf,inf,inf,inf,inf,inf,inf,inf,inf,inf,inf,10.115367889404297,8.484291076660156,7.308171272277832,6.420132637023926,5.726081848144531,5.71793794631958,4.7118330001831055,4.330256462097168,4.006980419158936,3.729701519012451,3.489286422729492,3.2789535522460938,3.0934243202209477,2.928605794906616,2.7812693119049072,2.648826360702514,2.5291571617126465,2.420544147491455,2.3215556144714355,2.231007575988769,2.147885322570801,2.0713467597961426,2.000657558441162,1.9352192878723145,1.874477505683899,1.8179656267166135,1.7652922868728638,1.7160935401916504,1.6700698137283323,1.626923441886902,1.5864295959472656,1.548363447189331,1.5125236511230469,1.4787617921829224,1.4468955993652344,1.4168089628219604,1.3883566856384275,1.3614407777786257,1.335939884185791,1.3117762804031372,1.2888574600219729,1.2671098709106443,1.246456265449524,1.2268357276916504,1.2081871032714844,1.1904550790786743,1.1735883951187134,1.1575394868850708,1.1422748565673828,1.1277438402175903,1.113919019699097,1.100756287574768,1.0882331132888794,1.0763195753097534,1.0649834871292114,1.054203987121582,1.0701179504394531,1.1056458950042725,1.1439765691757202,1.185434103012085,1.230400800704956,1.279322862625122,1.3327171802520752,1.3912099599838257,1.455539584159851,1.5265886783599854,1.6054543256759644,1.693457007408142,1.7922486066818235,1.9038982391357424,2.0310399532318115,2.1770999431610107,2.3465633392333984,2.5454800128936768,2.782180070877075,3.0684499740600586,3.421548128128052,3.867805242538452,4.449509620666504,5.239053249359131,6.371610164642334,8.132061958312988,11.241424560546877,inf,inf,inf,inf,inf,inf,inf,inf,inf,inf,inf,inf,inf,inf,inf,inf,inf,inf,inf,inf,inf,inf,inf,inf,inf,inf,inf,inf,inf,inf,inf,inf,inf,inf,inf,inf,inf,inf,inf,inf,inf,inf,inf,inf,inf,inf,inf,inf,inf,inf,inf,inf,inf,inf,inf,inf,inf,inf,inf,inf,inf,inf,inf,inf,inf,inf,inf,inf,inf,inf,inf,inf,inf,inf,inf,inf,inf,inf,inf,inf,inf,inf,inf,inf,inf,inf,inf,inf,inf,inf,inf,inf,inf,inf,inf,inf,inf,inf,inf,inf,inf,inf,inf,inf,inf,inf,inf,inf,inf,inf,inf,inf,inf,inf,inf,inf,inf,inf,inf,inf,inf,inf,inf,inf,inf,inf,inf,inf,inf,inf,inf,inf,inf,inf,inf,inf,inf,inf,inf,inf,inf,inf,inf,inf,inf,inf,inf
1.7634630664836854e+18,0.5214645521769491,-0.7926334108042101,16.948312006444613,13.273416449735109,11.793264389038086,inf,inf,inf,inf,inf,inf,inf,inf,inf,inf,inf,inf,inf,inf,inf,inf,inf,inf,inf,inf,inf,inf,inf,inf,inf,inf,inf,inf,inf,inf,11.950209617614746,11.685124397277832,11.434969902038574,11.198657035827637,10.975202560424805,10.76371955871582,10.563403129577637,10.373526573181152,inf,inf,inf,9.70588493347168,8.645371437072754,7.006125926971436,5.8909430503845215,5.083365440368652,4.4717206954956055,3.992542266845703,3.6071135997772217,3.2904744148254395,3.0257890224456787,2.8013064861297607,2.608579635620117,2.44136118888855,2.294949531555176,2.1657302379608154,2.050881147384644,1.9496114253997805,1.8570176362991333,1.773337960243225,1.6973706483840942,1.6281239986419678,1.5647650957107544,1.5065956115722656,1.4530279636383057,1.4035507440567017,1.3577349185943604,1.315204381942749,1.27563738822937,1.2387467622756958,1.2455008029937744,1.259626388549805,1.2744710445404053,1.2900677919387815,1.3064556121826172,1.323675513267517,1.3417726755142212,1.3607934713363647,1.3807902336120603,1.4018174409866333,1.423937439918518,1.4472172260284424,1.471727967262268,1.4975520372390747,1.524769306182861,1.5534807443618774,1.5837889909744265,1.6158065795898438,1.6496609449386597,1.6854926347732544,1.4712179899215698,1.2999705076217651,1.164751052856445,1.055301547050476,0.9649298787117004,0.8890609741210938,0.8244879245758057,0.7688762545585632,0.7205027341842651,0.6780507564544678,0.6405069231987,0.6147038340568542,0.6184360384941101,0.6224043369293213,0.6266167759895325,0.6310814619064331,0.6358069181442261,0.6408002972602844,0.6460715532302856,0.651631236076355,0.6574916839599609,3.432126760482788,3.414841651916504,3.3987653255462646,3.383868455886841,3.3701300621032715,2.7949013710021973,2.78533673286438,2.7766833305358887,2.89197325706482,2.884799003601074,7.058021068572998,7.0448899269104,7.033956050872803,7.025201320648193,7.018614768981934,7.014184951782227,7.011904239654541,7.011770725250244,7.013782024383545,7.017942905426025,7.024259567260742,7.032742977142334,6.580019950866699,5.561254978179932,4.816930294036865,4.249472618103027,3.802678346633911,2.907928705215454,2.9177982807159424,2.9286351203918457,2.9404547214508057,2.9532790184021,7.275234222412109,7.311756610870361,7.350906848907471,7.392755508422852,7.437371253967285,7.484832763671875,7.535224437713623,7.588636875152588,7.645167827606201,7.704924583435059,7.7680158615112305,7.834568977355957,7.904709339141846,7.978582859039307,8.056336402893066,8.138134956359863,8.22415542602539,8.31458568572998,8.409628868103027,8.509503364562988,8.614445686340332,8.724710464477539,8.840577125549316,8.96234130859375,9.090328216552734,9.224885940551758,9.366394996643066,9.515274047851562,9.67196559906006,9.836965560913086,10.010811805725098,10.194087982177734,10.387436866760254,10.591565132141112,10.807251930236816,11.03535270690918,11.276813507080078,11.351178169250488,11.382625579833984,11.417752265930176,11.456613540649414,11.49927043914795,inf,inf,inf,inf,inf,inf,inf,inf,inf,inf,inf,inf,inf,10.334417343139648,9.986018180847168,9.68404769897461,9.632726669311523,9.58486270904541,9.540377616882324,9.499197006225586,9.461252212524414,9.426481246948242,9.394832611083984,0.6674590706825256,0.6517661809921265,0.6369845271110535,0.6230434775352478,0.6098845601081848,0.5974472761154175,0.5856825113296509,0.574546217918396,0.4234747886657715,0.4159614443778991,0.4088341295719147,0.402068018913269,0.3956394791603088,0.3895331919193268,0.3837263286113739,0.37820565700531,0.3729522228240967,0.3679553568363189,0.3631984889507293,0.3586720824241638,0.3543657958507538,0.3539445698261261,0.3637507557868957,0.3742328584194183,0.3854568302631378,0.397500604391098,0.4104532897472381,0.4244111478328705,0.4350686073303222,0.4314358830451965,0.4279916882514953,0.4247341156005859,0.4216507077217102,0.4187410771846771,0.4212779700756073,0.4425002634525299,0.4661199152469635,0.4925685822963714,0.6979697942733765,0.7431493401527405,0.7948433756828308,0.8531441688537598,0.8625982999801636,0.8725367188453674,0.8829808235168457,0.893953800201416,0.9054836630821228,0.9175973534584044,0.9303297400474548,0.9437131881713868,0.9577854871749878,0.972585141658783,0.9881566166877748,1.0045483112335205,1.0218104124069214,1.0399978160858154,1.0591760873794556,1.0734169483184814,1.0745503902435305,1.0760174989700315,1.0778170824050903,1.0799555778503418,1.0824345350265503,1.0852562189102173,1.088425636291504,1.0919511318206787,1.0958349704742432,1.100083827972412,1.1047070026397705,1.1097071170806885,1.1150978803634644,1.120885729789734,1.1270807981491089,1.133692502975464,1.1407339572906494,1.1482160091400146,1.156155347824097,1.1645625829696655,1.1734539270401,1.1828476190567017,1.1927614212036133,1.2032127380371094,1.214225172996521,1.2258193492889404,1.2380192279815674,1.2508496046066284,1.2643412351608276,1.2785226106643677,1.2934247255325315,1.3090842962265017,1.3255397081375122,1.342828631401062,1.3609968423843384,1.3800901174545288,1.4001641273498535,1.4212703704833984,1.4434698820114136,1.466832995414734,1.4914259910583496,1.5173308849334717,1.544633865356445,1.5734257698059082,1.603812336921692,1.635905146598816,1.669832468032837,1.7051546573638916,1.6816446781158447,1.6592754125595093,1.637987732887268,1.6177287101745603,1.598447561264038,1.5800983905792236,1.562638521194458,1.5460268259048462,1.530230164527893,1.515210509300232,1.500937819480896,1.4873833656311035,1.4745172262191772,1.4623165130615234,1.4507564306259155,1.4398149251937866,1.4294698238372805,1.3676139116287231,1.35874605178833,1.3504047393798828,1.342572808265686,1.3448671102523804,1.4273269176483154,1.5210601091384888,8.61883544921875,8.71142864227295,8.808753967285156,8.91103744506836,9.018518447875977,9.131451606750488,9.250114440917969,9.374807357788086,9.505857467651367,9.643616676330566,9.788466453552246,9.94082260131836,10.101137161254885,10.269899368286133,10.447649002075195,10.634969711303713,10.83250617980957,11.040963172912598,11.261114120483398,11.493810653686523,11.739995956420898
1.763463066653804e+18,0.8286614839261122,-0.4852961650552549,22.00660246030203,20.46501850802301,11.027746200561523,11.241297721862791,11.4668607711792,11.705318450927734,11.957639694213867,inf,inf,inf,inf,inf,inf,inf,inf,inf,inf,inf,inf,inf,inf,inf,inf,inf,inf,inf,inf,inf,inf,inf,inf,inf,inf,inf,inf,inf,inf,11.978408813476562,11.712368965148926,11.461318969726562,11.224170684814451,10.999932289123535,10.787714958190918,10.586709976196287,10.508126258850098,inf,inf,inf,9.728533744812012,7.260316371917725,5.870574951171875,4.92864990234375,4.24832820892334,3.734034299850464,3.331725597381592,3.00850510597229,2.7432196140289307,2.521634817123413,2.333833932876587,2.172687530517578,2.03294038772583,1.910627007484436,1.8027229309082031,1.706846833229065,1.6211246252059937,1.5440529584884644,1.474407434463501,1.4111835956573486,1.3535598516464231,1.3008370399475098,1.3013582229614258,1.3123973608016968,1.324032187461853,1.3362890481948853,1.3491910696029663,1.362765550613403,1.377042293548584,1.392051339149475,1.4078260660171509,1.424405813217163,1.4418238401412964,1.4601274728775024,1.4793602228164673,1.4995704889297483,1.520811915397644,1.5431456565856934,1.566627860069275,1.5913325548171997,1.6173326969146729,1.6447043418884275,1.6735422611236572,1.0790725946426392,0.6507728695869446,0.5950915217399597,0.5958258509635925,0.5967444181442261,0.5978495478630066,0.5991408228874207,0.6006220579147339,0.6022968292236328,0.604165256023407,0.6062325835227966,0.6084988713264465,0.6109715104103088,1.338980197906494,1.3452948331832886,1.3520846366882324,3.589938163757324,3.5578842163085938,3.5274689197540283,3.4986300468444824,3.471312999725342,3.445463895797729,3.421036958694458,3.397987127304077,3.376271247863769,3.355851888656616,3.3366916179656982,3.3187601566314697,3.302025079727173,2.716874837875366,2.704949855804444,2.6939499378204346,2.8080649375915527,2.798437118530273,2.832231044769287,6.981121063232422,6.963761806488037,6.948608875274658,6.935638904571533,6.924834251403809,6.916173458099365,6.909648895263672,6.905245304107666,6.902958869934082,6.902786731719971,6.904726505279541,6.9087815284729,6.91495943069458,6.486541271209717,5.292008399963379,4.47015380859375,3.870284080505371,2.780725479125977,2.7883870601654053,2.796947956085205,2.806424617767334,2.8168294429779053,7.0972161293029785,7.128123283386231,7.161501884460449,7.197407245635986,7.235899925231934,7.277044773101807,7.320913314819336,7.367581844329834,7.417133808135986,7.469656467437744,7.525250434875488,7.584013938903809,7.646060943603516,7.711511611938477,7.780493259429932,7.853145122528076,7.929615020751953,8.010065078735352,8.094667434692383,8.183606147766113,8.277077674865723,8.3753080368042,8.478520393371582,8.586968421936035,8.700925827026367,8.820680618286133,8.94655704498291,9.078893661499023,9.218070030212402,9.364487648010254,9.518592834472656,9.680865287780762,9.851835250854492,10.032076835632324,10.222222328186035,10.422966003417969,10.6350736618042,10.859379768371582,11.096826553344728,11.18417263031006,11.215089797973633,11.249632835388184,11.287848472595217,11.32981014251709,inf,inf,inf,inf,inf,inf,inf,inf,inf,inf,inf,inf,inf,10.31144905090332,9.96353530883789,9.641189575195312,9.504297256469728,9.457011222839355,9.41305923461914,9.372371673583984,9.33487319946289,9.30051040649414,9.26922607421875,9.240970611572266,9.215697288513184,9.193368911743164,9.173945426940918,9.15740203857422,9.143712043762209,9.132850646972656,9.12480640411377,9.1195650100708,0.5381459593772888,0.528918981552124,0.5201587677001953,0.5118380784988403,0.5039302706718445,0.4964142441749573,0.4892657697200775,0.4824655652046203,0.4759961366653442,0.4698397517204284,0.4639814496040344,0.4584059417247772,0.4530975520610809,0.4480479657649994,0.4432448446750641,0.4386737644672394,0.4343302547931671,0.4302000403404236,0.3169072270393371,0.3141393661499023,0.3115136921405792,0.3090260326862335,0.3066703677177429,0.3044433295726776,0.3023402690887451,0.3003562092781067,0.2984887361526489,0.2967348098754883,0.2950917184352875,0.2935563027858734,0.2921249866485595,0.290797084569931,0.2895681262016296,0.2884378135204315,0.2874048352241516,0.286464512348175,0.2856199741363525,0.2848649024963379,0.2842020094394684,0.2836287915706634,0.3234550654888153,0.3803263902664184,0.3799114227294922,0.379611611366272,0.379428505897522,0.3793638348579407,0.3794133961200714,0.3795786201953888,0.3798618018627167,0.9121734499931335,0.9308715462684632,0.9506496787071228,0.9715896248817444,0.993784248828888,1.0173368453979492,1.0423563718795776,1.0689780712127686,1.0842061042785645,1.0884029865264893,1.092969298362732,1.0979112386703491,1.103235960006714,1.1089556217193604,1.115077257156372,1.1216107606887815,1.1285701990127563,1.135966181755066,1.1438111066818235,1.1521199941635132,1.160909652709961,1.1701949834823608,1.1799921989440918,1.1903249025344849,1.2012090682983398,1.2126692533493042,1.2247275114059448,1.237412452697754,1.2507493495941162,1.2647663354873655,1.2794976234436035,1.2949769496917725,1.3112432956695557,1.328334093093872,1.3462921380996704,1.3651678562164309,1.385008692741394,1.405873417854309,1.4278184175491333,1.4509106874465942,1.4752215147018433,1.5008275508880615,1.52781343460083,1.556273341178894,1.5863081216812134,1.618030071258545,1.6515614986419678,1.6870388984680176,1.7246148586273191,1.764452576637268,1.8067431449890137,1.8191336393356323,1.797437071800232,1.7767871618270874,1.7571412324905396,1.7384482622146606,1.7206697463989258,1.703768014907837,1.6877065896987915,1.6724532842636108,1.6579746007919312,1.6442428827285769,1.631232976913452,1.6189186573028564,1.6072770357131958,1.5962852239608765,1.585925817489624,1.5761797428131104,1.515884280204773,1.5075925588607788,1.4998483657836914,1.492636799812317,1.5792328119277954,1.6996270418167114,8.936600685119629,9.040292739868164,9.149250030517578,9.263737678527832,9.384034156799316,9.510443687438965,9.64329719543457,9.78294849395752,9.929791450500488,10.08423900604248,10.24675464630127,10.41783332824707,10.598017692565918,10.787906646728516,10.988144874572754
1.763463058825636e+18,0.6957642374089457,0.9956963074019112,5.728019480998684,12.457703131675682,inf,inf,inf,inf,inf,inf,inf,inf,inf,inf,inf,inf,inf,inf,inf,inf,11.798959732055664,11.528602600097656,11.273725509643556,11.033177375793455,10.805920600891112,10.591015815734863,10.387601852416992,10.194917678833008,10.01226043701172,inf,inf,inf,inf,9.228851318359377,7.577600479125977,6.389450550079346,5.524842739105225,4.867661952972412,4.351382732391357,3.9352126121521,3.592705249786377,3.3059732913970947,3.06249475479126,2.853234052658081,2.6715073585510254,2.512262344360352,2.371622085571289,2.2465436458587646,2.134620428085327,2.033908605575561,1.94284188747406,1.8601267337799072,1.7846872806549072,1.7156338691711426,1.6522150039672852,1.5937849283218384,1.5398024320602417,1.4897987842559814,1.4433655738830566,1.40015709400177,1.3598636388778689,1.3222172260284424,1.2869844436645508,1.2539525032043457,1.222938060760498,1.1937782764434814,1.1663252115249634,1.1404476165771484,1.116027593612671,1.0929592847824097,1.0711454153060913,1.050499677658081,1.0309468507766724,1.0124109983444214,0.9948290586471558,0.9781418442726136,0.9622942209243774,0.9766318798065186,0.9964640140533448,1.0174336433410645,1.0396313667297363,1.0631520748138428,1.0881035327911377,1.1146000623703003,1.1427788734436035,1.172790765762329,1.204797387123108,1.238988757133484,1.2755801677703855,1.314816117286682,1.3569674491882324,1.4023529291152954,1.4513441324234009,1.5043532848358154,1.4856003522872925,1.4201103448867798,1.360548734664917,1.3061665296554563,1.2563321590423584,1.2105228900909424,1.1682754755020142,1.129213571548462,1.0930027961730957,1.0593587160110474,1.028028130531311,0.998793125152588,0.971462070941925,0.9458724856376648,0.9218688011169434,0.8993245959281921,0.8781160116195679,0.8581409454345703,0.8393064737319946,0.821528434753418,0.8047272562980652,0.788835883140564,0.7737942337989807,0.7595430612564087,0.7460309267044067,0.7332101464271545,0.7210404872894287,0.7094818949699402,0.6984992027282715,0.6880578994750977,0.6781293749809265,0.6686840653419495,0.6596981287002563,0.6511470675468445,0.6430066227912903,0.6352615356445312,0.6278899312019348,0.6403430104255676,0.6587401628494263,0.6784347295761108,0.6995669603347778,0.7222853302955627,3.084522485733032,3.086313009262085,3.105070114135742,3.125020980834961,7.612087726593018,7.666384696960449,7.723841667175293,7.784566879272461,7.848673820495605,7.916289806365967,7.987546443939209,8.06258773803711,8.14156436920166,8.224645614624023,8.312009811401367,8.403850555419922,8.500372886657715,8.601799964904785,8.708375930786133,8.820359230041504,8.938028335571289,9.061688423156738,9.191675186157228,9.328338623046877,9.47206974029541,9.623291015625,9.782458305358888,9.950078010559082,10.126693725585938,10.312905311584473,10.509368896484377,10.716809272766112,10.936015129089355,11.167864799499512,11.41332721710205,11.673474311828612,11.720293045043944,11.756919860839844,11.797401428222656,11.841797828674316,11.890181541442873,inf,inf,inf,inf,inf,inf,inf,inf,inf,inf,inf,inf,10.837125778198242,10.4736967086792,10.13685703277588,10.048648834228516,9.999128341674805,9.953125953674316,9.910562515258787,9.87136936187744,9.835482597351074,9.802846908569336,1.0766310691833496,1.05143141746521,1.027687907218933,1.0052977800369265,0.8325977325439453,0.815692126750946,0.7997011542320251,0.7845590114593506,0.770211398601532,0.7566066384315491,0.7558686137199402,0.7699182033538818,0.7847426533699036,0.800402045249939,0.8169543147087097,0.8134883046150208,0.8022392988204956,0.7918262481689453,0.8107609152793884,0.8308840990066528,0.852301299571991,0.9644735455513,0.9913232326507568,1.020031213760376,1.0507800579071045,1.0837856531143188,1.1192865371704102,1.157553791999817,1.1946971416473389,1.202043533325195,1.2098510265350342,1.2181377410888672,1.226917028427124,1.2362037897109983,1.2460156679153442,1.2563740015029907,1.2672948837280271,1.2788032293319702,1.2909221649169922,1.303673505783081,1.3170888423919678,1.331193447113037,1.342494010925293,1.3377426862716677,1.3334331512451172,1.3295559883117676,1.3261058330535889,1.3230772018432615,1.320466160774231,1.3182685375213623,1.316478610038757,1.315096139907837,1.3141188621520996,1.3135443925857544,1.3133714199066162,1.3136013746261597,1.3142331838607788,1.3152683973312378,1.316707968711853,1.3185549974441528,1.3208116292953491,1.32348370552063,1.3265703916549685,1.3300817012786863,1.3340197801589966,1.3383923768997192,1.343205213546753,1.3484691381454468,1.3541882038116455,1.3603754043579102,1.3670389652252195,1.3741899728775024,1.3818427324295044,1.3900078535079956,1.39870023727417,1.407936453819275,1.417731761932373,1.4281058311462402,1.4390751123428345,1.4506621360778809,1.4628870487213137,1.47577702999115,1.4893553256988523,1.5036497116088867,1.5186914205551147,1.534510374069214,1.5511422157287598,1.5686246156692505,1.5869957208633425,1.6062999963760376,1.6265828609466553,1.6464489698410034,1.6095447540283203,1.5747289657592771,1.541847586631775,1.5107653141021729,1.4813554286956787,1.4535046815872192,1.4271122217178345,1.402079701423645,1.3783265352249146,1.3557733297348022,1.334346890449524,1.3139833211898804,1.2946228981018066,1.2762081623077393,1.2586898803710938,1.1812386512756348,1.1661522388458252,1.1517939567565918,1.1381300687789917,1.1667914390563965,1.1995354890823364,1.2345575094223022,1.2720874547958374,1.3123842477798462,7.6640238761901855,7.7064385414123535,7.751711845397949,7.799921035766602,7.851150512695312,7.905494213104248,7.963047027587891,8.023919105529785,8.088221549987793,8.15608024597168,8.227624893188477,8.302998542785645,8.382356643676758,8.465862274169922,8.553690910339355,8.64603328704834,8.743096351623535,8.84510326385498,8.952285766601562,9.064908027648926,9.183246612548828,9.307601928710938,9.4382963180542,9.575688362121582,9.720155715942385,9.872117042541504,10.032024383544922,10.20036792755127,10.377689361572266,10.564573287963867,10.761667251586914,10.969674110412598,11.189372062683104,11.421616554260254,11.667351722717283,11.92762279510498,inf,inf,inf,inf,inf,inf,inf,inf,inf,inf,inf,inf,inf
1.7634630589955471e+18,0.3884817933553562,0.9992355326307958,-0.4273961767921965,6.325534266727195,inf,inf,inf,inf,inf,inf,11.775516510009766,11.507813453674316,11.25538158416748,11.017082214355469,10.791902542114258,10.578913688659668,10.377281188964844,10.186250686645508,10.005132675170898,inf,inf,inf,9.36801815032959,9.22806167602539,7.087494850158691,6.013570308685303,5.223655223846436,4.618418216705322,4.140006065368652,3.7524447441101074,3.4321987628936768,3.1632046699523926,2.93414306640625,2.7367970943450928,2.5650620460510254,2.4142985343933105,2.280934810638428,2.1621596813201904,2.055741310119629,1.959879994392395,1.873106598854065,1.7942177057266235,1.7222095727920532,1.6562460660934448,1.5956180095672607,1.5397286415100098,1.488060712814331,1.440176248550415,1.3956900835037231,1.3542722463607788,1.31563138961792,1.2795157432556152,1.2456998825073242,1.213987946510315,1.1842048168182373,1.1561942100524902,1.12981379032135,1.1049422025680542,1.0814642906188965,1.0592821836471558,1.038301944732666,1.0184440612792969,0.9996294379234314,0.9817933440208436,0.9998108744621276,1.0182433128356934,1.0376888513565063,1.0582259893417358,1.0799258947372437,1.102879762649536,1.1271854639053345,1.1529443264007568,1.1802796125411987,1.2093217372894287,1.2402164936065674,1.2731307744979858,1.308252453804016,1.3457937240600586,1.3859833478927612,1.4291013479232788,1.475455641746521,1.5253952741622925,1.4652135372161863,1.3945144414901731,1.330710530281067,1.2728588581085205,1.2201889753341677,1.172049045562744,1.127894639968872,1.0872697830200195,1.0497748851776123,1.0150840282440186,0.9829021692276,0.9529799818992616,0.925102710723877,0.8990768790245056,0.8747335076332092,0.8519283533096313,0.8305315971374512,0.810424268245697,0.791501522064209,0.7736755013465881,0.7568625807762146,0.7409870028495789,0.7259781360626221,0.7117812037467957,0.6983370780944824,0.6855985522270203,0.6735180020332336,0.6620558500289917,0.6511722207069397,0.64083331823349,0.6310083866119385,0.6216671466827393,0.6127837896347046,0.6043327450752258,0.6051743626594543,0.6196857690811157,0.6351098418235779,0.6515243053436279,0.6690211892127991,0.6876978278160095,4.087404251098633,3.817545175552368,3.582146167755127,3.039787769317627,3.053716897964477,3.0715172290802,3.090479612350464,7.554610729217529,7.606544494628906,7.661559104919434,7.719754695892334,7.781240940093994,7.846134662628174,7.914560794830322,7.986655712127685,8.062568664550781,8.142452239990234,8.226478576660156,8.314826965332031,8.407692909240723,8.505290985107422,8.6078462600708,8.71560287475586,8.828827857971191,8.947808265686035,9.07285499572754,9.204299926757812,9.342509269714355,9.487884521484377,9.640849113464355,9.801877975463867,9.971478462219238,10.150212287902832,10.338690757751465,10.53758716583252,10.747639656066896,10.969663619995115,11.20455265045166,11.453304290771484,11.647114753723145,11.680853843688965,11.718384742736816,11.759767532348633,11.805070877075195,inf,inf,inf,inf,inf,inf,inf,inf,inf,inf,inf,inf,inf,10.682851791381836,10.328758239746094,10.03414821624756,9.982307434082031,9.934020042419434,9.889211654663086,9.84780502319336,9.809731483459473,9.774931907653809,9.743350982666016,1.0315725803375244,1.0076656341552734,0.9851364493370056,0.9638836979866028,0.9438088536262512,0.7771716713905334,0.7620816230773926,0.7477902173995972,0.7342463731765747,0.7214003801345825,0.7092090249061584,0.7021211385726929,0.7157753705978394,0.730198323726654,0.7454490065574646,0.7615858316421509,0.7708801031112671,0.7606971263885498,0.7510084509849548,0.7511071562767029,0.7706701755523682,0.7915300130844116,0.813805878162384,0.9329018592834472,0.9613428711891174,0.9918895363807678,1.024762511253357,1.0602267980575562,1.0985801219940186,1.140175223350525,1.1582317352294922,1.166278600692749,1.1748003959655762,1.1838114261627195,1.1933313608169556,1.2033745050430298,1.2139652967453003,1.225121259689331,1.236865520477295,1.2492228746414185,1.2622205018997192,1.2758870124816897,1.29025137424469,1.305345058441162,1.3095775842666626,1.3058843612670898,1.3026082515716553,1.2997453212738037,1.2972908020019531,1.295242428779602,1.2935954332351685,1.2923460006713867,1.2914950847625732,1.2910397052764893,1.2909797430038452,1.2913142442703247,1.2920455932617188,1.293171763420105,1.2946984767913818,1.2966259717941284,1.2989555597305298,1.3016937971115112,1.304843544960022,1.3084101676940918,1.312398076057434,1.3168160915374756,1.3216677904129028,1.3269637823104858,1.3327122926712036,1.338923096656799,1.3456039428710938,1.3527690172195437,1.3604280948638916,1.3685967922210691,1.3772878646850586,1.3865160942077637,1.3963006734848022,1.4066561460494995,1.417604923248291,1.4291654825210571,1.4413613080978394,1.4542149305343628,1.4677541255950928,1.4820038080215454,1.4969978332519531,1.5127640962600708,1.529339075088501,1.5467597246170044,1.5650672912597656,1.584303617477417,1.6045162677764893,1.625755786895752,1.648074746131897,1.6421865224838257,1.6082289218902588,1.5761220455169678,1.5457347631454468,1.5169516801834106,1.4896694421768188,1.4637914896011353,1.439229965209961,1.4159035682678225,1.3937419652938845,1.3726776838302612,1.3526484966278076,1.3335967063903809,1.3154706954956057,1.2982244491577148,1.281810283660889,1.2071176767349243,1.192946195602417,1.1794575452804563,1.1666247844696045,1.2005393505096436,1.2374521493911743,1.2771085500717163,1.319807767868042,7.738481521606445,7.784677028656006,7.833840847015381,7.8860554695129395,7.941418647766113,8.000030517578125,8.061996459960938,8.127439498901367,8.196480751037598,8.269256591796875,8.345914840698242,8.426608085632324,8.511509895324707,8.600796699523926,8.694665908813477,8.793325424194336,8.897005081176758,9.005948066711426,9.12041473388672,9.24069595336914,9.367095947265623,9.499947547912598,9.63961410522461,9.78648853302002,9.940997123718262,10.10360622406006,10.274815559387209,10.455184936523438,10.645316123962402,10.845868110656738,11.057572364807127,11.281225204467772,11.517711639404297,11.768001556396484,inf,inf,inf,inf,inf,inf,inf,inf,inf,inf,inf,inf,inf,inf,inf,inf,inf,inf,inf,inf,inf,inf,inf,inf
1.7634631431745907e+18,0.6990367453031526,0.9701359002169048,5.83513780193068,12.577519937175618,inf,inf,inf,inf,inf,inf,inf,inf,inf,inf,inf,inf,inf,inf,inf,inf,inf,inf,inf,inf,inf,inf,inf,inf,inf,inf,inf,inf,inf,inf,inf,inf,inf,inf,inf,inf,inf,inf,inf,inf,inf,inf,inf,inf,inf,inf,inf,inf,inf,inf,inf,inf,inf,inf,inf,inf,inf,inf,inf,inf,inf,inf,inf,inf,inf,inf,inf,inf,inf,inf,inf,inf,inf,inf,inf,inf,inf,inf,inf,inf,inf,inf,inf,inf,inf,inf,inf,inf,inf,inf,inf,inf,inf,inf,inf,inf,inf,inf,inf,inf,inf,inf,inf,inf,inf,inf,inf,inf,inf,inf,inf,inf,inf,inf,inf,inf,inf,inf,inf,10.251604080200195,8.420514106750488,7.146256923675537,6.20862340927124,5.635383605957031,5.651206016540527,4.4614338874816895,4.080959796905518,3.761320590972901,3.489141702651977,3.254600763320923,3.050478219985962,2.8712973594665527,2.712764024734497,2.5715792179107666,2.4450626373291016,2.331096887588501,2.227926731109619,2.1341373920440674,2.0485260486602783,1.9700849056243896,1.8980000019073489,1.831545114517212,1.770108342170715,1.7131630182266235,1.6602697372436523,1.611008882522583,1.5650649070739746,1.5221117734909058,1.4819037914276123,1.4441837072372437,1.4087616205215454,1.375450611114502,1.3440830707550049,1.3144965171813965,1.2865815162658691,1.2601981163024902,1.2352423667907717,1.2116271257400513,1.1892499923706057,1.168034911155701,1.1479122638702393,1.128808617591858,1.1106661558151243,1.093422770500183,1.0770405530929563,1.0614511966705322,1.0466300249099731,1.0325260162353516,1.0191010236740112,1.0063296556472778,0.9941697120666504,0.9826006293296814,0.9715942740440368,0.9611201882362366,0.95115864276886,0.941682994365692,0.966907262802124,0.999567449092865,1.0348402261734009,1.0730327367782593,1.1145031452178955,1.1596813201904297,1.2090641260147097,1.2632368803024292,1.3229180574417114,1.3889695405960083,1.4624242782592771,1.5445876121520996,1.6370670795440674,1.7418854236602783,1.8616578578948972,1.9997752904891968,2.1607398986816406,2.350670099258423,2.5780699253082275,2.855149030685425,3.2000536918640137,3.6409950256347656,4.224391937255859,5.032236576080322,6.224470615386963,8.160323143005371,11.84903335571289,inf,inf,inf,inf,inf,inf,inf,inf,inf,inf,inf,inf,inf,inf,inf,inf,inf,inf,inf,inf,inf,inf,inf,inf,inf,inf,inf,inf,inf,inf,inf,inf,inf,inf,inf,inf,inf,inf,inf,inf,inf,inf,inf,inf,inf,inf,inf,inf,inf,inf,inf,inf,inf,inf,inf,inf,inf,inf,inf,inf,inf,inf,inf,inf,inf,inf,inf,inf,inf,inf,inf,inf,inf,inf,inf,inf,inf,inf,inf,inf,inf,inf,inf,inf,inf,inf,inf,inf,inf,inf,inf,inf,inf,inf,inf,inf,inf,inf,inf,inf,inf,inf,inf,inf,inf,inf,inf,inf,inf,inf,inf,inf,inf,inf,inf,inf,inf,inf,inf,inf,inf,inf,inf,inf,inf,inf,inf,inf,inf,inf,inf,inf,inf,inf,inf,inf,inf,inf,inf,inf,inf,inf,inf,inf,inf,inf,inf,inf,inf,inf,inf,inf,inf,inf,inf,inf,inf
1.7634631433789952e+18,0.4442086442995694,0.9985272407189332,0.6871022966860012,7.435254268786227,inf,inf,inf,inf,inf,inf,inf,inf,inf,inf,inf,inf,inf,inf,inf,inf,inf,inf,inf,inf,inf,inf,inf,inf,inf,inf,inf,inf,inf,inf,inf,inf,inf,inf,inf,inf,inf,inf,inf,inf,inf,inf,inf,inf,inf,inf,inf,inf,inf,inf,inf,inf,inf,inf,inf,inf,inf,inf,inf,inf,inf,inf,inf,inf,inf,inf,inf,inf,inf,inf,inf,inf,inf,inf,inf,inf,inf,inf,inf,inf,inf,inf,inf,inf,inf,inf,inf,inf,inf,inf,inf,inf,inf,inf,inf,inf,inf,inf,inf,inf,inf,inf,inf,inf,inf,inf,inf,inf,11.361201286315918,9.02413272857666,7.486474514007568,6.398173332214356,5.603830337524414,5.618276119232178,4.461484909057617,4.05470085144043,3.7169349193573,3.4320785999298096,3.1886892318725586,2.9783730506896973,2.794897079467773,2.6334688663482666,2.490394592285156,2.3627521991729736,2.24820876121521,2.14487886428833,2.0512325763702397,1.965997815132141,1.8881163597106931,1.8167181015014648,1.7510247230529783,1.690423607826233,1.6343584060668943,1.5823575258255005,1.534020185470581,1.4889979362487793,1.4469574689865112,1.4076546430587769,1.3708410263061523,1.3362958431243896,1.3038499355316162,1.2733139991760254,1.2445499897003174,1.2174159288406372,1.191801905632019,1.167591571807861,1.1446915864944458,1.123000144958496,1.1024575233459473,1.082972288131714,1.0644875764846802,1.0469355583190918,1.0302644968032837,1.0144221782684326,0.9993600845336914,0.98503440618515,0.9714093804359436,0.9584423303604126,0.9461034536361694,0.9343606233596802,0.9231842160224916,0.912550926208496,0.902431070804596,0.8928049206733704,0.8836463093757629,0.901369035243988,0.9308772087097168,0.962687075138092,0.997065544128418,1.034313678741455,1.0747965574264526,1.118933916091919,1.1672261953353882,1.22026526927948,1.2787609100341797,1.3435795307159424,1.415779709815979,1.496658205986023,1.5878572463989258,1.6914441585540771,1.8100799322128296,1.9472556114196775,2.107623338699341,2.297546148300171,2.525923490524292,2.8056862354278564,3.156209707260132,3.6080923080444336,4.212477684020996,5.061964511871338,6.343047142028809,8.495737075805664,inf,inf,inf,inf,inf,inf,inf,inf,inf,inf,inf,inf,inf,inf,inf,inf,inf,inf,inf,inf,inf,inf,inf,inf,inf,inf,inf,inf,inf,inf,inf,inf,inf,inf,inf,inf,inf,inf,inf,inf,inf,inf,inf,inf,inf,inf,inf,inf,inf,inf,inf,inf,inf,inf,inf,inf,inf,inf,inf,inf,inf,inf,inf,inf,inf,inf,inf,inf,inf,inf,inf,inf,inf,inf,inf,inf,inf,inf,inf,inf,inf,inf,inf,inf,inf,inf,inf,inf,inf,inf,inf,inf,inf,inf,inf,inf,inf,inf,inf,inf,inf,inf,inf,inf,inf,inf,inf,inf,inf,inf,inf,inf,inf,inf,inf,inf,inf,inf,inf,inf,inf,inf,inf,inf,inf,inf,inf,inf,inf,inf,inf,inf,inf,inf,inf,inf,inf,inf,inf,inf,inf,inf,inf,inf,inf,inf,inf,inf,inf,inf,inf,inf,inf,inf,inf,inf,inf,inf,inf,inf,inf,inf,inf,inf,inf,inf,inf,inf
1.7634631278904486e+18,0.547179941392874,-1.015841177324564,12.123370584170004,6.285911105623602,inf,inf,inf,inf,inf,inf,inf,inf,inf,inf,inf,inf,inf,inf,inf,inf,inf,inf,inf,inf,inf,inf,inf,inf,inf,inf,inf,inf,inf,inf,inf,inf,inf,inf,inf,inf,inf,inf,inf,inf,inf,inf,inf,inf,inf,inf,inf,inf,inf,inf,inf,inf,inf,inf,inf,inf,inf,inf,inf,inf,inf,inf,inf,inf,inf,inf,inf,inf,inf,inf,inf,inf,inf,inf,inf,inf,inf,inf,inf,inf,inf,inf,inf,inf,inf,inf,inf,inf,inf,inf,inf,inf,inf,inf,inf,inf,inf,inf,inf,inf,inf,inf,inf,inf,inf,inf,inf,inf,inf,inf,inf,inf,inf,inf,inf,inf,inf,inf,inf,inf,inf,inf,inf,inf,inf,inf,inf,inf,inf,inf,inf,inf,inf,inf,inf,inf,inf,inf,inf,inf,inf,inf,inf,inf,inf,inf,inf,inf,inf,inf,inf,inf,inf,inf,inf,inf,inf,inf,inf,inf,inf,inf,inf,inf,inf,inf,inf,inf,inf,inf,inf,inf,inf,inf,inf,inf,inf,inf,inf,inf,inf,inf,inf,inf,inf,inf,inf,inf,inf,inf,inf,inf,inf,inf,inf,inf,inf,inf,inf,inf,inf,inf,inf,inf,inf,inf,inf,inf,inf,inf,inf,inf,inf,inf,inf,inf,inf,inf,inf,inf,inf,inf,inf,inf,inf,inf,inf,inf,inf,inf,inf,inf,inf,inf,inf,inf,inf,inf,inf,inf,inf,inf,inf,inf,inf,inf,inf,inf,inf,inf,7.120357990264893,4.831852436065674,3.657465696334839,2.943052053451538,2.462741613388061,2.117773532867432,1.887487769126892,1.8925046920776367,1.8981313705444336,1.904375433921814,1.9112478494644165,1.918761134147644,1.9269226789474487,1.9357508420944212,1.9452584981918333,1.9554593563079836,1.966373443603516,1.9780198335647583,1.990417003631592,2.003587007522583,2.017554521560669,2.0323448181152344,2.0479836463928223,2.0645015239715576,2.081931829452514,2.100305795669556,2.119662284851074,2.1400387287139893,2.1614787578582764,2.1840288639068604,2.207735776901245,2.232655763626098,2.2588415145874023,2.286358118057251,2.315269708633423,2.345649480819702,2.377574920654297,2.4111294746398926,2.446401357650757,2.4834954738616943,2.522512674331665,2.563572883605957,2.606802701950073,2.6523430347442627,2.7003421783447266,2.750967025756836,2.8044023513793945,2.8608486652374268,2.920522689819336,2.983673572540283,3.0505692958831787,3.1215121746063232,3.196833848953247,3.276905298233032,3.362149238586426,3.453031301498413,3.550078868865967,3.653889179229736,3.7651400566101074,3.8846077919006343,4.013171672821045,4.151846885681152,4.301815032958984,4.4644455909729,4.641324043273926,4.834338188171387,5.045715808868408,5.278112888336182,5.534724235534668,5.8194355964660645,6.13700532913208,6.493338584899902,6.895841121673584,7.353941440582275,7.879818916320801,8.489500999450684,9.204493522644045,10.054347038269045,11.080839157104492,inf,inf,inf,inf,inf,inf,inf,inf,inf,inf,inf,inf,inf,inf,inf,inf,inf,inf,inf,inf,inf,inf,inf,inf,inf,inf,inf,inf,inf,inf,inf
1.763463128061006e+18,0.4568367168002722,-0.8949470076735013,11.130696291996824,5.126292833124617,inf,inf,inf,inf,inf,inf,inf,inf,inf,inf,inf,inf,inf,inf,inf,inf,inf,inf,inf,inf,inf,inf,inf,inf,inf,inf,inf,inf,inf,inf,inf,inf,inf,inf,inf,inf,inf,inf,inf,inf,inf,inf,inf,inf,inf,inf,inf,inf,inf,inf,inf,inf,inf,inf,inf,inf,inf,inf,inf,inf,inf,inf,inf,inf,inf,inf,inf,inf,inf,inf,inf,inf,inf,inf,inf,inf,inf,inf,inf,inf,inf,inf,inf,inf,inf,inf,inf,inf,inf,inf,inf,inf,inf,inf,inf,inf,inf,inf,inf,inf,inf,inf,inf,inf,inf,inf,inf,inf,inf,inf,inf,inf,inf,inf,inf,inf,inf,inf,inf,inf,inf,inf,inf,inf,inf,inf,inf,inf,inf,inf,inf,inf,inf,inf,inf,inf,inf,inf,inf,inf,inf,inf,inf,inf,inf,inf,inf,inf,inf,inf,inf,inf,inf,inf,inf,inf,inf,inf,inf,inf,inf,inf,inf,inf,inf,inf,inf,inf,inf,inf,inf,inf,inf,inf,inf,inf,inf,inf,inf,inf,inf,inf,inf,inf,inf,inf,inf,inf,inf,inf,inf,inf,inf,inf,inf,inf,inf,inf,inf,inf,inf,inf,inf,inf,inf,inf,inf,inf,inf,inf,inf,inf,inf,inf,inf,inf,inf,inf,inf,inf,inf,inf,inf,inf,inf,inf,inf,inf,inf,inf,inf,inf,inf,inf,inf,inf,inf,inf,inf,inf,inf,inf,inf,inf,inf,inf,inf,inf,inf,inf,inf,inf,inf,inf,inf,inf,inf,inf,inf,8.907187461853027,6.076266288757324,4.611912250518799,3.717214107513428,3.1140360832214355,2.680021047592163,2.3527722358703613,2.097352743148804,1.8924728631973269,1.8822383880615237,1.8890540599823,1.8964989185333248,1.9045894145965576,1.913334965705872,1.922754406929016,1.9328618049621584,1.9436724185943604,1.9552074670791624,1.9674855470657349,1.980527758598328,1.9943593740463257,2.009002447128296,2.024489641189575,2.040844440460205,2.0581021308898926,2.0762932300567627,2.0954573154449463,2.115630626678467,2.1368565559387207,2.1591811180114746,2.182650327682495,2.2073209285736084,2.2332444190979004,2.2604849338531494,2.289106607437134,2.3191819190979004,2.350785493850708,2.3840038776397705,2.4189226627349854,2.455644130706787,2.4942750930786133,2.534923553466797,2.577725648880005,2.622811794281006,2.670335531234741,2.720460891723633,2.773369312286377,2.8292582035064697,2.8883488178253174,2.950883388519287,3.0171267986297607,3.0873823165893555,3.161975622177124,3.2412829399108887,3.32571029663086,3.415726900100708,3.5118587017059326,3.614697217941284,3.7249135971069336,3.8432750701904297,3.970659732818604,4.108077526092529,4.256699562072754,4.417878150939941,4.593207359313965,4.784552097320557,4.99413013458252,5.224575519561768,5.47907304763794,5.761490345001221,6.076567649841309,6.43017578125,6.829707145690918,7.284546375274658,7.806849002838135,8.412612915039062,9.123315811157228,9.968520164489746,10.990013122558594,inf,inf,inf,inf,inf,inf,inf,inf,inf,inf,inf,inf,inf,inf,inf,inf,inf,inf,inf,inf,inf,inf
1.7634630781247933e+18,0.6402469443929817,0.6888403130530569,4.82457049028685,11.52401848753949,inf,inf,inf,inf,inf,inf,inf,inf,inf,3.891944646835327,3.704602718353272,3.5355043411254883,3.3821613788604736,3.365964651107788,3.391718864440918,3.531052350997925,3.560697317123413,3.5919485092163086,3.6248762607574463,3.659541606903076,3.696016550064087,2.459742546081543,2.390662908554077,2.3260505199432373,2.265510082244873,2.208702325820923,2.1553220748901367,2.1050820350646973,2.0577518939971924,2.013105869293213,1.9709428548812864,1.931087613105774,1.8915832042694087,1.8559781312942505,1.8222384452819824,1.7902377843856812,1.7598717212677002,1.731042504310608,1.7036516666412354,1.6776225566864014,1.6528724431991575,1.6293362379074097,1.6069419384002686,1.5856376886367798,1.5653605461120603,1.546062707901001,1.5276970863342283,1.5102205276489258,1.4935916662216189,1.4777705669403076,1.462725281715393,1.4484198093414309,1.4348279237747192,1.437571406364441,1.4456465244293213,1.4542592763900757,1.4634252786636353,1.4731608629226685,1.483484148979187,1.494414210319519,1.5059678554534912,1.5181753635406494,1.531052589416504,1.544624924659729,1.5589205026626587,1.5739730596542358,1.589806079864502,1.6064579486846924,1.6239702701568604,1.6423697471618652,1.6617077589035034,1.6820311546325684,1.7033802270889282,1.7258131504058838,1.7493889331817627,1.7741698026657104,1.8002197742462158,1.8276125192642207,1.8564335107803345,1.886759638786316,1.918692111968994,1.9523290395736692,1.987789750099182,2.0251927375793457,2.064669609069824,2.106375217437744,2.150475263595581,2.1971466541290283,2.2465980052948,2.2990338802337646,2.3547170162200928,2.413926124572754,4.010763645172119,3.9651830196380615,3.921812295913696,3.8805549144744873,3.841320991516113,3.804023742675781,3.7685859203338623,3.734934091567993,3.703002452850342,3.672726392745972,3.644046068191528,3.616909980773926,3.5912649631500244,3.5670642852783203,3.54426646232605,3.5228281021118164,3.5027124881744385,3.483886480331421,3.4663164615631104,3.4499728679656982,3.434828281402588,3.420859336853028,3.408041000366211,3.396355152130127,3.385780572891236,3.376302719116211,3.3679044246673584,3.360574722290039,3.354299783706665,3.349071741104126,3.344881534576416,3.341723680496216,3.339592933654785,3.3384850025177,3.338399171829224,3.3393356800079346,3.341294050216675,3.34428071975708,3.348297119140625,3.3533506393432617,3.359448909759521,3.366600275039673,3.374819278717041,3.384115695953369,3.3945045471191406,3.406002759933472,3.418628931045532,3.432404041290283,3.4473493099212646,3.463489294052124,3.480851888656616,3.4994657039642334,3.647627115249634,6.573227882385254,6.264082431793213,5.984461784362793,5.730409622192383,5.498671054840088,5.286498069763184,5.0915937423706055,4.911991596221924,4.746039390563965,4.592289924621582,4.449503421783447,4.124760150909424,4.05742073059082,4.076876163482666,3.968479633331299,3.866844892501831,3.771416902542114,3.68168306350708,3.597198724746704,3.517551898956299,3.4423859119415283,3.371380090713501,3.304232597351074,3.240676164627075,3.1804800033569336,3.123412132263184,3.1064200401306152,3.163247585296631,3.2231974601745605,7.85869836807251,7.740210056304932,7.62753963470459,7.520369052886963,7.41840934753418,7.321383476257324,7.229052066802978,3.9838883876800537,3.9481470584869385,4.056143760681152,4.021735668182373,4.054937362670898,4.427444934844971,4.569737434387207,4.722972869873047,4.888388633728027,5.06742000579834,5.261735439300537,5.473287582397461,5.704381465911865,5.957755088806152,6.236681938171387,6.545109272003174,6.887844562530518,7.270808696746826,7.701356410980225,8.188772201538086,8.551979064941406,9.71573543548584,inf,11.006518363952637,inf,inf,inf,inf,inf,inf,inf,inf,inf,inf,inf,inf,9.367841720581056,6.900394916534424,4.622101306915283,4.62794303894043,4.635219097137451,4.643942832946777,4.654126167297363,4.665781497955322,4.678935050964356,4.272140979766846,3.908950090408325,3.6036858558654794,3.3435988426208496,3.1194164752960205,2.924245357513428,2.75285005569458,2.6011877059936523,2.4660775661468506,2.3449935913085938,2.235896587371826,2.137122869491577,2.047305107116699,1.9653124809265137,1.8901889324188232,1.821134209632873,1.7574665546417236,1.6986026763916016,1.6440393924713137,1.593345284461975,1.5461430549621582,1.5021041631698608,1.4609395265579224,1.4223936796188354,1.3862433433532717,1.3522876501083374,1.3203508853912354,1.2902729511260986,1.2619121074676514,1.2351423501968384,1.209845781326294,1.1859216690063477,1.163273811340332,1.1418166160583496,1.1214745044708252,1.1021758317947388,1.0838561058044434,0.3029730021953583,0.2982755899429321,0.2938110828399658,0.2895644009113312,0.2855264246463775,0.2816829085350036,0.2780265212059021,0.2745459079742431,0.2712340056896209,0.2680820524692535,0.2650819718837738,0.2622284591197967,0.2595133185386657,0.2569333612918854,0.254480242729187,0.2521493434906006,0.2499375641345977,0.2478388398885727,0.245849609375,0.2439666092395782,0.2421858161687851,0.2455444037914276,0.2571697235107422,0.2700307071208954,0.2843465805053711,0.3003487884998321,0.3183808922767639,0.33880415558815,0.3621752858161926,0.3891029357910156,0.4205223023891449,0.4576050937175751,0.5020267963409424,0.5561932921409607,0.6236878633499146,0.7100611329078674,0.8244943022727966,0.920449674129486,0.9346765279769896,0.949645459651947,0.9654012322425842,0.9819966554641724,0.9994813203811646,1.0179177522659302,1.0373711585998535,1.057910680770874,1.0796170234680176,1.1025806665420532,1.1268919706344604,1.1526634693145752,1.1800105571746826,1.2090610265731812,1.2399702072143557,1.2728993892669678,1.3080363273620603,1.3455939292907717,1.3858102560043335,1.4289500713348389,1.4753286838531494,1.525302529335022,1.579285740852356,1.637742519378662,1.70123553276062,1.7704167366027832,1.846049666404724,1.9290480613708496,2.020512580871582,2.121757745742798,2.2344136238098145,5.088788032531738,5.135117053985596,5.183897495269775,5.235230922698975,5.289226531982422,5.346002101898193,5.405678749084473,5.468396663665772,5.534299850463867,5.6035475730896,5.956528186798096,11.911450386047363,inf,inf,inf,inf,inf,inf,inf,inf,inf,inf,inf,inf,inf,inf,inf,inf
1.7634630783288292e+18,0.3920266540906949,0.9090720106399433,-0.5485608107632965,6.653013920017059,3.692943811416626,3.5267248153686523,3.401561975479126,3.4266839027404785,3.5647220611572266,3.593667507171631,3.6242074966430655,3.65639877319336,3.6903038024902335,3.725996017456055,2.53780198097229,2.4644787311553955,2.395989179611206,2.3318941593170166,2.2718183994293213,2.215417861938477,2.1623966693878174,2.109837293624878,2.0629513263702397,2.0187082290649414,1.976916074752808,1.937394857406616,1.8999981880187988,1.8645724058151243,1.8309983015060425,1.7991517782211304,1.7689268589019775,1.74022376537323,1.7129523754119873,1.687031865119934,1.662380933761597,1.638938307762146,1.6166346073150637,1.5954123735427856,1.5752159357070925,1.5559921264648438,1.537700057029724,1.5202906131744385,1.5037269592285156,1.487968921661377,1.472984790802002,1.4696515798568726,1.477052927017212,1.484988570213318,1.4934678077697754,1.502506136894226,1.5121197700500488,1.522325873374939,1.5331432819366455,1.544592261314392,1.5566948652267456,1.569469928741455,1.5829471349716189,1.59714937210083,1.612105369567871,1.6278507709503174,1.6444109678268433,1.6618260145187378,1.6801350116729736,1.6993752717971802,1.7195968627929688,1.7408432960510254,1.7631675004959106,1.7866212129592896,1.8112752437591555,1.8371864557266235,1.8644320964813232,1.89307963848114,1.9232243299484253,1.9549481868743896,1.9883568286895752,2.0235602855682373,2.060673475265503,2.0998222827911377,2.1411619186401367,2.184840440750122,2.231038808822632,2.2799441814422607,2.3317716121673584,2.3867526054382324,2.4451587200164795,4.012862205505371,3.965991497039795,3.921389579772949,3.878952980041504,3.8385865688323975,3.800204038619995,3.7637200355529785,3.729061126708984,3.696154832839966,3.664937496185303,3.6353447437286377,3.607320547103882,3.5808138847351074,3.5557732582092285,3.532153367996216,3.5099122524261475,3.489011526107788,3.4694137573242188,3.451082706451416,3.4339919090271,3.418108940124512,3.403409242630005,3.389868974685669,3.377464771270752,3.366177082061768,3.3559887409210205,3.3468828201293945,3.3388454914093018,3.3318629264831543,3.325925827026367,3.3210229873657227,3.3171491622924805,3.314297676086426,3.3124630451202397,3.311643600463867,3.3118371963500977,3.3130452632904053,3.315268516540528,3.318511724472046,3.3227787017822266,3.328075885772705,3.334412813186645,3.3417978286743164,3.350242853164673,3.359762191772461,3.3703691959381104,3.382082462310791,3.39491868019104,3.408900499343872,3.424051284790039,3.4403927326202397,3.4579551219940186,3.604501247406006,3.625332593917847,6.3571367263793945,6.06248664855957,5.795628070831299,5.552900314331055,5.3312602043151855,5.128129959106445,4.941377639770508,4.7691497802734375,4.609892845153809,4.462246417999268,4.325047969818115,4.006980895996094,4.038053035736084,3.966596841812134,3.862226009368897,3.764323711395264,3.672356605529785,3.5858514308929443,3.5043718814849854,3.427539348602295,3.3550074100494385,3.286465167999268,3.2216365337371826,3.1602611541748047,3.102116823196411,3.046983480453491,3.083450555801392,3.140408992767334,7.890157222747803,7.768136978149414,7.6521382331848145,7.541826248168945,7.4368896484375,7.33705472946167,7.2420477867126465,7.1516313552856445,3.918659210205078,3.928369522094727,4.002511978149414,3.959543228149414,4.035332202911377,4.410785675048828,4.554196357727051,4.708734512329102,4.875674724578857,5.056488513946533,5.252900123596191,5.4669270515441895,5.700956344604492,5.95781946182251,6.240924835205078,6.554381847381592,6.903216361999512,7.293625354766846,7.733350276947021,8.232175827026367,8.497014045715332,9.660399436950684,inf,10.951987266540527,inf,inf,inf,inf,inf,inf,inf,inf,inf,inf,inf,inf,9.32606315612793,6.858799457550049,4.580320358276367,4.5864996910095215,4.5941009521484375,4.6031413078308105,4.61362886428833,4.625582695007324,4.6390228271484375,4.306455612182617,3.949044704437256,3.647447347640991,3.3896071910858154,3.166724920272827,2.9721930027008057,2.800989866256714,2.649200201034546,2.513744115829468,2.392165184020996,2.282470941543579,2.183032274246216,2.0925121307373047,2.0097885131835938,1.93392550945282,1.8641332387924197,1.799734115600586,1.7401506900787354,1.684882879257202,1.6335036754608154,1.5856361389160156,1.540952205657959,1.4991638660430908,1.460017204284668,1.4232877492904663,1.388774275779724,1.35630202293396,1.3257077932357788,1.2968534231185913,1.2696081399917605,1.243855118751526,1.2194931507110596,1.1964261531829834,1.1745686531066897,1.1538416147232056,1.134175181388855,1.115503191947937,1.0977668762207031,1.080910325050354,1.0648852586746216,1.0496445894241333,1.0351465940475464,1.0213522911071775,1.0082237720489502,0.9957305788993835,0.9838411808013916,0.2990861237049103,0.2957744002342224,0.2926243841648102,0.2896284162998199,0.2867794036865234,0.2840729057788849,0.2815016210079193,0.2790619432926178,0.2767474055290222,0.2745540738105774,0.2724783420562744,0.2705157995223999,0.2686634659767151,0.2669164836406708,0.2652734220027923,0.2637299597263336,0.2622851133346557,0.2609350085258484,0.2596780657768249,0.258510947227478,0.2574333846569061,0.2564433515071869,0.2555380165576935,0.2654640674591064,0.295015424489975,0.3320693671703338,0.3799284994602203,0.4440234303474426,0.53435218334198,0.6711123585700989,0.9022141098976136,0.9526174664497375,0.9691490530967712,0.986577570438385,1.0049504041671753,1.0243442058563232,1.0448304414749146,1.0664812326431274,1.0893892049789429,1.113653302192688,1.1393767595291138,1.1666839122772217,1.1957015991210938,1.22659432888031,1.2595134973526,1.2946562767028809,1.3322384357452393,1.372498869895935,1.4157198667526243,1.4622087478637695,1.5123347043991089,1.5665149688720703,1.6252361536026,1.6890721321105957,1.7586818933486938,1.8348623514175413,1.9185625314712524,2.0109004974365234,2.11325478553772,2.227311372756958,5.131332874298096,5.178603649139404,5.228368282318115,5.280730247497559,5.335800647735596,5.393701076507568,5.454557418823242,5.518511295318604,5.585712909698486,5.656322002410889,6.09049654006958,11.990429878234863,inf,inf,inf,inf,inf,inf,inf,inf,inf,inf,inf,inf,inf,inf,inf,inf,inf,inf,inf,inf,inf,inf,inf,inf,3.901480913162232,3.715156316757202
1.763463097253938e+18,1.165174738489431,-0.3313156753155464,23.95623516914073,22.78844181166592,inf,inf,inf,inf,inf,inf,inf,inf,inf,inf,inf,inf,inf,inf,inf,inf,inf,inf,inf,inf,inf,inf,inf,inf,inf,inf,inf,inf,inf,11.08616542816162,10.098089218139648,9.274349212646484,8.57726764678955,7.979954719543457,7.462528228759766,7.01012659072876,6.611368179321289,6.257338047027588,5.941021919250488,5.735722541809082,5.774460792541504,7.592134475708008,7.64772891998291,4.761835098266602,4.583648681640625,4.419622421264648,4.268189430236816,4.128016471862793,3.997938871383667,3.8769593238830566,3.764204263687134,3.658915758132935,3.560412645339966,3.4681029319763184,3.3814735412597656,3.3000431060791016,3.2234160900115967,3.1512043476104736,3.083080530166626,3.0187435150146484,2.9579265117645264,2.9003729820251465,2.8458774089813232,2.7942371368408203,2.745255708694458,2.6987669467926025,2.654637336730957,2.6127054691314697,2.572857618331909,2.534970760345459,2.4989352226257324,2.464651584625244,2.432035446166992,2.4009928703308105,2.3714492321014404,2.343335628509521,2.316575765609741,2.291115522384644,2.2668960094451904,2.2438642978668213,2.22196888923645,2.2011594772338867,2.181400775909424,2.162648200988769,2.1448681354522705,2.1280174255371094,2.1120760440826416,2.097009897232056,2.0827858448028564,2.069386959075928,2.05678391456604,2.044954776763916,2.0338785648345947,2.023536205291748,2.013913631439209,2.004991054534912,1.996756672859192,1.9891979694366453,1.9823009967803955,1.9760478734970093,1.9704432487487795,2.02400803565979,2.32403826713562,2.729464530944824,3.3074817657470703,4.197689056396484,5.7460222244262695,9.108370780944824,inf,inf,inf,inf,inf,inf,inf,inf,inf,inf,inf,inf,inf,inf,inf,inf,inf,inf,inf,inf,inf,inf,inf,inf,inf,inf,inf,inf,inf,inf,inf,inf,inf,inf,inf,inf,inf,inf,inf,inf,inf,inf,inf,inf,inf,inf,inf,inf,inf,inf,inf,inf,inf,inf,inf,inf,inf,inf,inf,inf,inf,inf,inf,inf,inf,inf,inf,inf,inf,inf,inf,inf,inf,inf,inf,inf,inf,inf,inf,inf,inf,inf,inf,inf,inf,inf,inf,inf,inf,inf,inf,inf,inf,inf,inf,inf,inf,inf,inf,inf,inf,inf,inf,inf,inf,inf,inf,inf,inf,inf,inf,inf,inf,inf,inf,inf,inf,inf,inf,inf,inf,inf,inf,inf,inf,inf,inf,inf,inf,inf,inf,inf,inf,inf,inf,inf,inf,inf,inf,inf,inf,inf,inf,inf,inf,inf,inf,inf,inf,inf,inf,inf,inf,inf,inf,inf,inf,inf,inf,inf,inf,inf,inf,inf,inf,inf,inf,inf,inf,inf,inf,inf,inf,inf,inf,inf,inf,inf,inf,inf,inf,inf,inf,inf,inf,inf,inf,inf,inf,inf,inf,inf,inf,inf,inf,inf,inf,inf,inf,inf,inf,inf,inf,inf,inf,inf,inf,inf,inf,inf,inf,inf,inf,inf,inf,inf,inf,inf,inf,inf,inf,inf,inf,inf,inf,inf,inf,inf,inf,inf,inf,inf,inf,inf,inf,inf,inf,inf,inf,inf,inf,inf,inf,inf,inf,inf,inf,inf,inf,inf,inf,inf
1.7634630974587622e+18,1.1736688380689098,-0.2150124373866346,23.92183077896449,22.83195033584514,inf,inf,inf,inf,inf,inf,inf,inf,inf,inf,inf,inf,inf,inf,inf,inf,inf,inf,inf,inf,inf,inf,inf,inf,inf,inf,inf,inf,inf,inf,11.350382804870604,10.278748512268066,9.394640922546388,8.6530122756958,8.022175788879395,7.479204177856445,7.007096767425537,6.5929460525512695,6.226800918579102,5.900907516479492,5.927197456359863,7.723282337188721,7.775419235229492,4.892433166503906,4.695263385772705,4.514695167541504,4.348784923553467,4.19587516784668,4.054550647735596,3.923602104187012,3.801977157592773,3.688754081726074,3.5831425189971924,3.4844446182250977,3.392056465148926,3.3054213523864746,3.224069356918335,3.147556781768799,3.07551383972168,3.0075957775115967,2.9434940814971924,2.8829357624053955,2.8256642818450928,2.771451711654663,2.720097303390503,2.6714138984680176,2.6252357959747314,2.5814011096954346,2.539767026901245,2.500213384628296,2.4626150131225586,2.426861047744751,2.392850160598755,2.3604891300201416,2.3297009468078613,2.300395965576172,2.272510051727295,2.2459657192230225,2.2207088470458984,2.1966803073883057,2.173820972442627,2.152085304260254,2.131429672241211,2.111802339553833,2.0931668281555176,2.0754895210266118,2.0587308406829834,2.042866468429565,2.027857542037964,2.0136759281158447,2.000303030014038,1.9877070188522337,1.9758728742599487,1.9647717475891116,1.9543956518173216,1.9447152614593504,1.935725450515747,2.046775579452514,2.210188865661621,2.402761220932007,2.632983684539795,2.912976026535034,3.260730743408203,3.704048156738281,4.288394451141357,5.093509674072266,6.273169994354248,8.167181015014648,11.70467758178711,inf,inf,inf,inf,inf,inf,inf,inf,inf,inf,inf,inf,inf,inf,inf,inf,inf,inf,inf,inf,inf,inf,inf,inf,inf,inf,inf,inf,inf,inf,inf,inf,inf,inf,inf,inf,inf,inf,inf,inf,inf,inf,inf,inf,inf,inf,inf,inf,inf,inf,inf,inf,inf,inf,inf,inf,inf,inf,inf,inf,inf,inf,inf,inf,inf,inf,inf,inf,inf,inf,inf,inf,inf,inf,inf,inf,inf,inf,inf,inf,inf,inf,inf,inf,inf,inf,inf,inf,inf,inf,inf,inf,inf,inf,inf,inf,inf,inf,inf,inf,inf,inf,inf,inf,inf,inf,inf,inf,inf,inf,inf,inf,inf,inf,inf,inf,inf,inf,inf,inf,inf,inf,inf,inf,inf,inf,inf,inf,inf,inf,inf,inf,inf,inf,inf,inf,inf,inf,inf,inf,inf,inf,inf,inf,inf,inf,inf,inf,inf,inf,inf,inf,inf,inf,inf,inf,inf,inf,inf,inf,inf,inf,inf,inf,inf,inf,inf,inf,inf,inf,inf,inf,inf,inf,inf,inf,inf,inf,inf,inf,inf,inf,inf,inf,inf,inf,inf,inf,inf,inf,inf,inf,inf,inf,inf,inf,inf,inf,inf,inf,inf,inf,inf,inf,inf,inf,inf,inf,inf,inf,inf,inf,inf,inf,inf,inf,inf,inf,inf,inf,inf,inf,inf,inf,inf,inf,inf,inf,inf,inf,inf,inf,inf,inf,inf,inf,inf,inf,inf,inf,inf,inf,inf,inf,inf,inf,inf,inf,inf,inf,inf
1.7634630976285696e+18,1.1156067464834158,-0.1563556507171967,20.869131149528467,19.78289233431872,inf,inf,inf,inf,inf,inf,inf,inf,inf,inf,inf,inf,inf,inf,inf,inf,inf,inf,inf,inf,inf,inf,inf,inf,inf,inf,inf,inf,inf,inf,inf,11.59442901611328,10.436971664428713,9.492260932922363,8.706801414489746,8.043695449829102,7.476578712463379,6.9861345291137695,6.557981014251709,6.181041717529297,6.064204692840576,7.840772151947021,7.889987468719482,5.03985071182251,4.820566177368164,4.620923042297363,4.438469886779785,4.271129608154297,4.117165565490723,3.975096940994263,3.8436336517333984,3.721692562103272,3.608322858810425,3.50269627571106,3.404081344604492,3.311861991882324,3.225464105606079,3.144397020339966,3.0682196617126465,2.996551513671875,2.9290201663970947,2.865324020385742,2.80517840385437,2.7483391761779785,2.694552183151245,2.643630266189575,2.5953822135925293,2.549623727798462,2.5062031745910645,2.464980125427246,2.425823211669922,2.388610601425171,2.353225946426392,2.319582462310791,2.2875702381134038,2.257112741470337,2.228128671646118,2.200545072555542,2.1742970943450928,2.149311780929565,2.125539541244507,2.1029257774353027,2.0814104080200195,2.060964345932007,2.041529893875122,2.023071527481079,2.0055549144744877,1.9889405965805051,1.973199963569641,1.9582984447479248,1.9442116022109983,1.9309171438217163,1.9235810041427608,2.021470546722412,2.130542039871216,2.252791166305542,2.390689849853516,2.547403335571289,2.72700309753418,2.934808254241944,3.177957534790039,3.466184616088867,3.813192367553711,4.238855838775635,4.773123741149902,5.463418006896973,6.389422416687012,7.696214199066162,9.678717613220217,inf,inf,inf,inf,inf,inf,inf,inf,inf,inf,inf,inf,inf,inf,inf,inf,inf,inf,inf,inf,inf,inf,inf,inf,inf,inf,inf,inf,inf,inf,inf,inf,inf,inf,inf,inf,inf,inf,inf,inf,inf,inf,inf,inf,inf,inf,inf,inf,inf,inf,inf,inf,inf,inf,inf,inf,inf,inf,inf,inf,inf,inf,inf,inf,inf,inf,inf,inf,inf,inf,inf,inf,inf,inf,inf,inf,inf,inf,inf,inf,inf,inf,inf,inf,inf,inf,inf,inf,inf,inf,inf,inf,inf,inf,inf,inf,inf,inf,inf,inf,inf,inf,inf,inf,inf,inf,inf,inf,inf,inf,inf,inf,inf,inf,inf,inf,inf,inf,inf,inf,inf,inf,inf,inf,inf,inf,inf,inf,inf,inf,inf,inf,inf,inf,inf,inf,inf,inf,inf,inf,inf,inf,inf,inf,inf,inf,inf,inf,inf,inf,inf,inf,inf,inf,inf,inf,inf,inf,inf,inf,inf,inf,inf,inf,inf,inf,inf,inf,inf,inf,inf,inf,inf,inf,inf,inf,inf,inf,inf,inf,inf,inf,inf,inf,inf,inf,inf,inf,inf,inf,inf,inf,inf,inf,inf,inf,inf,inf,inf,inf,inf,inf,inf,inf,inf,inf,inf,inf,inf,inf,inf,inf,inf,inf,inf,inf,inf,inf,inf,inf,inf,inf,inf,inf,inf,inf,inf,inf,inf,inf,inf,inf,inf,inf,inf,inf,inf,inf,inf,inf,inf,inf,inf,inf,inf,inf,inf,inf,inf,inf,inf
1.7634630977992804e+18,1.0396158927737091,-0.156496262722207,20.869111629330465,19.77711368460386,inf,inf,inf,inf,inf,inf,inf,inf,inf,inf,inf,inf,inf,inf,inf,inf,inf,inf,inf,inf,inf,inf,inf,inf,inf,inf,inf,inf,inf,inf,inf,inf,11.916739463806152,10.650032043457031,9.629416465759276,8.79447078704834,8.09086799621582,7.49363899230957,6.980512619018555,6.535028457641602,6.190280914306641,6.223199844360352,7.993227005004883,5.219570636749268,4.972925186157227,4.749940872192383,4.547408580780029,4.362740516662598,4.193706512451172,4.038475036621094,3.895475387573242,3.763368368148804,3.641009330749512,3.5273900032043457,3.421678066253662,3.323090076446533,3.230996608734131,3.144801616668701,3.063994646072388,2.98813271522522,2.916812896728516,2.8496601581573486,2.786370754241944,2.726642370223999,2.670225143432617,2.616878032684326,2.566387176513672,2.5185701847076416,2.4732394218444824,2.4302468299865723,2.389439582824707,2.3506898880004883,2.313868999481201,2.2788755893707275,2.245600938796997,2.213949680328369,2.183834314346313,2.155184745788574,2.127915143966675,2.101966619491577,2.077265977859497,2.053762674331665,2.031402587890625,2.010124921798706,1.9899007081985476,1.9706677198410036,1.9524028301239011,1.9350550174713133,1.918593406677246,1.988993048667908,2.068621635437012,2.155580997467041,2.250894784927368,2.3557770252227783,2.471709012985229,2.60047459602356,2.7442786693573,2.905861616134644,3.0886669158935547,3.2970964908599854,3.5368518829345703,3.815464735031128,4.143104076385498,4.533822059631348,5.007589340209961,5.593847274780273,6.337775707244873,7.3124847412109375,8.64465045928955,10.574237823486328,inf,inf,inf,inf,inf,inf,inf,inf,inf,inf,inf,inf,inf,inf,inf,inf,inf,inf,inf,inf,inf,inf,inf,inf,inf,inf,inf,inf,inf,inf,inf,inf,inf,inf,inf,inf,inf,inf,inf,inf,inf,inf,inf,inf,inf,inf,inf,inf,inf,inf,inf,inf,inf,inf,inf,inf,inf,inf,inf,inf,inf,inf,inf,inf,inf,inf,inf,inf,inf,inf,inf,inf,inf,inf,inf,inf,inf,inf,inf,inf,inf,inf,inf,inf,inf,inf,inf,inf,inf,inf,inf,inf,inf,inf,inf,inf,inf,inf,inf,inf,inf,inf,inf,inf,inf,inf,inf,inf,inf,inf,inf,inf,inf,inf,inf,inf,inf,inf,inf,inf,inf,inf,inf,inf,inf,inf,inf,inf,inf,inf,inf,inf,inf,inf,inf,inf,inf,inf,inf,inf,inf,inf,inf,inf,inf,inf,inf,inf,inf,inf,inf,inf,inf,inf,inf,inf,inf,inf,inf,inf,inf,inf,inf,inf,inf,inf,inf,inf,inf,inf,inf,inf,inf,inf,inf,inf,inf,inf,inf,inf,inf,inf,inf,inf,inf,inf,inf,inf,inf,inf,inf,inf,inf,inf,inf,inf,inf,inf,inf,inf,inf,inf,inf,inf,inf,inf,inf,inf,inf,inf,inf,inf,inf,inf,inf,inf,inf,inf,inf,inf,inf,inf,inf,inf,inf,inf,inf,inf,inf,inf,inf,inf,inf,inf,inf,inf,inf,inf,inf,inf,inf,inf,inf,inf,inf,inf,inf,inf,inf,inf
