Timestamp,velocity_linear,velocity_angular,encoder_left,encoder_right,lidar_1,lidar_2,lidar_3,lidar_4,lidar_5,lidar_6,lidar_7,lidar_8,lidar_9,lidar_10,lidar_11,lidar_12,lidar_13,lidar_14,lidar_15,lidar_16,lidar_17,lidar_18,lidar_19,lidar_20,lidar_21,lidar_22,lidar_23,lidar_24,lidar_25,lidar_26,lidar_27,lidar_28,lidar_29,lidar_30,lidar_31,lidar_32,lidar_33,lidar_34,lidar_35,lidar_36,lidar_37,lidar_38,lidar_39,lidar_40,lidar_41,lidar_42,lidar_43,lidar_44,lidar_45,lidar_46,lidar_47,lidar_48,lidar_49,lidar_50,lidar_51,lidar_52,lidar_53,lidar_54,lidar_55,lidar_56,lidar_57,lidar_58,lidar_59,lidar_60,lidar_61,lidar_62,lidar_63,lidar_64,lidar_65,lidar_66,lidar_67,lidar_68,lidar_69,lidar_70,lidar_71,lidar_72,lidar_73,lidar_74,lidar_75,lidar_76,lidar_77,lidar_78,lidar_79,lidar_80,lidar_81,lidar_82,lidar_83,lidar_84,lidar_85,lidar_86,lidar_87,lidar_88,lidar_89,lidar_90,lidar_91,lidar_92,lidar_93,lidar_94,lidar_95,lidar_96,lidar_97,lidar_98,lidar_99,lidar_100,lidar_101,lidar_102,lidar_103,lidar_104,lidar_105,lidar_106,lidar_107,lidar_108,lidar_109,lidar_110,lidar_111,lidar_112,lidar_113,lidar_114,lidar_115,lidar_116,lidar_117,lidar_118,lidar_119,lidar_120,lidar_121,lidar_122,lidar_123,lidar_124,lidar_125,lidar_126,lidar_127,lidar_128,lidar_129,lidar_130,lidar_131,lidar_132,lidar_133,lidar_134,lidar_135,lidar_136,lidar_137,lidar_138,lidar_139,lidar_140,lidar_141,lidar_142,lidar_143,lidar_144,lidar_145,lidar_146,lidar_147,lidar_148,lidar_149,lidar_150,lidar_151,lidar_152,lidar_153,lidar_154,lidar_155,lidar_156,lidar_157,lidar_158,lidar_159,lidar_160,lidar_161,lidar_162,lidar_163,lidar_164,lidar_165,lidar_166,lidar_167,lidar_168,lidar_169,lidar_170,lidar_171,lidar_172,lidar_173,lidar_174,lidar_175,lidar_176,lidar_177,lidar_178,lidar_179,lidar_180,lidar_181,lidar_182,lidar_183,lidar_184,lidar_185,lidar_186,lidar_187,lidar_188,lidar_189,lidar_190,lidar_191,lidar_192,lidar_193,lidar_194,lidar_195,lidar_196,lidar_197,lidar_198,lidar_199,lidar_200,lidar_201,lidar_202,lidar_203,lidar_204,lidar_205,lidar_206,lidar_207,lidar_208,lidar_209,lidar_210,lidar_211,lidar_212,lidar_213,lidar_214,lidar_215,lidar_216,lidar_217,lidar_218,lidar_219,lidar_220,lidar_221,lidar_222,lidar_223,lidar_224,lidar_225,lidar_226,lidar_227,lidar_228,lidar_229,lidar_230,lidar_231,lidar_232,lidar_233,lidar_234,lidar_235,lidar_236,lidar_237,lidar_238,lidar_239,lidar_240,lidar_241,lidar_242,lidar_243,lidar_244,lidar_245,lidar_246,lidar_247,lidar_248,lidar_249,lidar_250,lidar_251,lidar_252,lidar_253,lidar_254,lidar_255,lidar_256,lidar_257,lidar_258,lidar_259,lidar_260,lidar_261,lidar_262,lidar_263,lidar_264,lidar_265,lidar_266,lidar_267,lidar_268,lidar_269,lidar_270,lidar_271,lidar_272,lidar_273,lidar_274,lidar_275,lidar_276,lidar_277,lidar_278,lidar_279,lidar_280,lidar_281,lidar_282,lidar_283,lidar_284,lidar_285,lidar_286,lidar_287,lidar_288,lidar_289,lidar_290,lidar_291,lidar_292,lidar_293,lidar_294,lidar_295,lidar_296,lidar_297,lidar_298,lidar_299,lidar_300,lidar_301,lidar_302,lidar_303,lidar_304,lidar_305,lidar_306,lidar_307,lidar_308,lidar_309,lidar_310,lidar_311,lidar_312,lidar_313,lidar_314,lidar_315,lidar_316,lidar_317,lidar_318,lidar_319,lidar_320,lidar_321,lidar_322,lidar_323,lidar_324,lidar_325,lidar_326,lidar_327,lidar_328,lidar_329,lidar_330,lidar_331,lidar_332,lidar_333,lidar_334,lidar_335,lidar_336,lidar_337,lidar_338,lidar_339,lidar_340,lidar_341,lidar_342,lidar_343,lidar_344,lidar_345,lidar_346,lidar_347,lidar_348,lidar_349,lidar_350,lidar_351,lidar_352,lidar_353,lidar_354,lidar_355,lidar_356,lidar_357,lidar_358,lidar_359,lidar_360
1.7626941875232694e+18,0.6979954499855456,-0.8304291648768645,17.96202437322774,10.5587426765813,inf,inf,inf,inf,inf,inf,inf,inf,inf,inf,inf,inf,inf,inf,inf,inf,inf,inf,inf,inf,inf,inf,inf,inf,inf,inf,inf,inf,inf,inf,inf,inf,inf,inf,inf,inf,inf,inf,inf,inf,inf,inf,inf,inf,inf,inf,inf,inf,inf,inf,inf,inf,inf,inf,inf,inf,inf,inf,inf,inf,inf,inf,inf,inf,inf,inf,inf,inf,inf,inf,inf,inf,inf,inf,inf,inf,inf,inf,inf,inf,inf,inf,inf,inf,inf,inf,inf,inf,inf,inf,inf,inf,inf,inf,inf,inf,inf,inf,inf,inf,inf,inf,inf,inf,inf,inf,inf,inf,inf,inf,inf,inf,inf,inf,inf,inf,inf,inf,inf,inf,6.97036600112915,5.745423316955566,4.887933731079102,4.254293441772461,3.7671031951904297,3.380959272384644,3.067469358444214,2.8079679012298584,2.5896787643432617,2.4035632610321045,2.2430460453033447,2.103229522705078,1.9803911447525024,1.8716508150100708,1.774745225906372,1.6878714561462402,1.609575271606445,1.5386708974838257,1.474181890487671,1.4152969121932983,1.3613359928131104,1.3521748781204224,1.363883137702942,1.376220703125,1.3892124891281128,1.4028851985931396,4.066181659698486,3.950613021850586,3.8425755500793457,3.741404056549072,3.64651083946228,3.5573737621307373,3.4735279083251958,3.3945581912994385,3.3200929164886475,3.2497975826263428,3.183371067047119,3.120541572570801,3.0610625743865967,3.004710912704468,2.9512832164764404,2.900594472885132,2.852475643157959,2.806772232055664,2.7633423805236816,2.7220561504364014,2.682794570922852,2.645447254180908,2.6099133491516118,2.576099157333374,2.543918371200561,2.4858291149139404,2.4830217361450195,2.4564080238342285,2.4796974658966064,3.1670117378234863,3.182218313217163,3.1985552310943604,3.216049909591675,3.234732151031494,3.2546346187591557,3.275792121887207,3.2982423305511475,3.322026014328003,3.34718656539917,3.3737716674804688,3.40183162689209,3.4314212799072266,3.46259880065918,5.459819793701172,5.433119297027588,5.408325672149658,5.385397434234619,5.364297389984131,5.344991207122803,5.32744836807251,5.311639785766602,0.828014612197876,0.8260747194290161,0.8243955373764038,0.822974443435669,0.8218093514442444,0.8208983540534973,0.8202400803565979,0.8198335766792297,0.8196781277656555,0.8197735548019409,inf,inf,inf,inf,inf,inf,inf,inf,inf,inf,inf,inf,inf,inf,inf,inf,inf,inf,inf,inf,inf,inf,inf,inf,inf,inf,inf,inf,inf,inf,inf,inf,inf,inf,inf,inf,inf,inf,inf,inf,inf,inf,inf,inf,inf,inf,inf,inf,inf,inf,inf,inf,inf,inf,inf,inf,inf,inf,inf,inf,inf,inf,inf,inf,inf,inf,inf,inf,inf,inf,inf,inf,inf,inf,inf,inf,inf,inf,inf,inf,inf,inf,inf,inf,inf,inf,inf,inf,inf,inf,inf,inf,inf,inf,inf,inf,inf,inf,inf,inf,inf,inf,inf,inf,inf,inf,inf,inf,inf,inf,inf,inf,inf,inf,inf,inf,inf,inf,inf,inf,inf,inf,inf,inf,inf,inf,inf,inf,inf,inf,inf,inf,inf,inf,inf,inf,inf,inf,inf,inf,inf,inf,inf,inf,inf,inf,inf,inf,inf,inf,inf,inf,inf
1.7626941877275978e+18,0.6980403992400837,-1.0138638894219645,15.648228923003856,8.903253281196612,inf,inf,inf,inf,inf,inf,inf,inf,inf,inf,inf,inf,inf,inf,inf,inf,inf,inf,inf,inf,inf,inf,inf,inf,inf,inf,inf,inf,inf,inf,inf,inf,inf,inf,inf,inf,inf,inf,inf,inf,inf,inf,inf,inf,inf,inf,inf,inf,inf,inf,inf,inf,inf,inf,inf,inf,inf,inf,inf,inf,inf,inf,inf,inf,inf,inf,inf,inf,inf,inf,inf,inf,inf,inf,inf,inf,inf,inf,inf,inf,inf,inf,inf,inf,inf,inf,inf,inf,inf,inf,inf,inf,inf,inf,inf,inf,inf,inf,inf,inf,inf,inf,inf,inf,inf,inf,inf,inf,inf,inf,inf,inf,inf,inf,inf,inf,inf,inf,inf,inf,inf,inf,inf,inf,inf,inf,inf,inf,inf,inf,7.094841480255127,5.597395420074463,4.623061180114746,3.9386661052703857,3.4316906929016118,3.0411694049835205,2.731198787689209,2.479259490966797,2.2705109119415283,2.094776153564453,1.9448429346084597,1.8154572248458865,1.7027018070220947,1.6035953760147097,1.5158298015594482,1.4375896453857422,1.3674278259277344,1.3041763305664062,1.2468823194503784,1.2512519359588623,1.260706663131714,1.2706972360610962,1.281242609024048,1.292363166809082,1.3040810823440552,4.093642711639404,3.967973470687866,3.85093355178833,3.7417123317718506,3.639598846435547,3.543966293334961,3.4542605876922607,3.36998987197876,3.2907161712646484,3.216047525405884,3.1456336975097656,3.0791590213775635,3.0163397789001465,2.956918954849243,2.900664806365967,2.8473658561706543,2.796830892562866,2.748884916305542,2.703368186950684,2.66013503074646,2.619051933288574,2.57999587059021,2.542854070663452,2.5075230598449707,2.473906993865967,2.441917657852173,2.411473512649536,2.3605284690856934,2.3549249172210693,2.328685998916626,2.354822874069214,3.042454957962036,3.0571179389953613,3.0728676319122314,3.089730978012085,3.107736587524414,3.126915693283081,3.1473021507263184,3.1689319610595703,3.191844940185547,3.216082811355591,3.2416911125183105,3.268718719482422,3.2972183227539062,3.3272464275360107,5.347047805786133,5.320993423461914,5.296804904937744,5.274442195892334,5.253868103027344,5.235049724578857,5.21795654296875,5.202561378479004,5.188839912414551,5.176770687103272,5.166334629058838,0.7155696153640747,0.7145684361457825,0.7137881517410278,0.7132276296615601,0.7128859162330627,0.7127625346183777,0.7128573060035706,0.7131704092025757,0.7137022018432617,0.7144535779953003,0.7154257297515869,0.7166200876235962,inf,inf,inf,inf,inf,inf,inf,inf,inf,inf,inf,inf,inf,inf,inf,inf,inf,inf,inf,inf,inf,inf,inf,inf,inf,inf,inf,inf,inf,inf,inf,inf,inf,inf,inf,inf,inf,inf,inf,inf,inf,inf,inf,inf,inf,inf,inf,inf,inf,inf,inf,inf,inf,inf,inf,inf,inf,inf,inf,inf,inf,inf,inf,inf,inf,inf,inf,inf,inf,inf,inf,inf,inf,inf,inf,inf,inf,inf,inf,inf,inf,inf,inf,inf,inf,inf,inf,inf,inf,inf,inf,inf,inf,inf,inf,inf,inf,inf,inf,inf,inf,inf,inf,inf,inf,inf,inf,inf,inf,inf,inf,inf,inf,inf,inf,inf,inf,inf,inf,inf,inf,inf,inf,inf,inf,inf,inf,inf,inf,inf,inf,inf,inf,inf,inf,inf,inf
1.7626941878976704e+18,0.6375236180203487,-0.9667208056743412,17.321231089561525,10.961085308906766,inf,inf,inf,inf,inf,inf,inf,inf,inf,inf,inf,inf,inf,inf,inf,inf,inf,inf,inf,inf,inf,inf,inf,inf,inf,inf,inf,inf,inf,inf,inf,inf,inf,inf,inf,inf,inf,inf,inf,inf,inf,inf,inf,inf,inf,inf,inf,inf,inf,inf,inf,inf,inf,inf,inf,inf,inf,inf,inf,inf,inf,inf,inf,inf,inf,inf,inf,inf,inf,inf,inf,inf,inf,inf,inf,inf,inf,inf,inf,inf,inf,inf,inf,inf,inf,inf,inf,inf,inf,inf,inf,inf,inf,inf,inf,inf,inf,inf,inf,inf,inf,inf,inf,inf,inf,inf,inf,inf,inf,inf,inf,inf,inf,inf,inf,inf,inf,inf,inf,inf,inf,inf,inf,inf,inf,inf,inf,inf,inf,inf,inf,inf,inf,inf,inf,inf,inf,inf,inf,6.294047355651856,4.887233734130859,3.995420455932617,3.379728078842163,2.9292314052581787,2.58540415763855,2.3144474029541016,2.095477342605591,1.914894819259644,1.7634639739990234,1.6346919536590576,1.5238810777664185,1.42754864692688,1.3430579900741575,1.2683762311935425,1.2019108533859253,1.1479412317276,1.1552789211273191,1.163069248199463,1.1713260412216189,1.1800647974014282,1.189301371574402,1.1990536451339722,4.233403205871582,4.090686321258545,3.9584500789642334,3.835632562637329,3.721311330795288,3.614681482315064,3.515038013458252,3.421759605407715,3.3342976570129395,3.2521660327911377,3.174931287765503,3.10220718383789,3.0336477756500244,2.9689419269561768,2.9078097343444824,2.849998950958252,2.795280694961548,2.743447542190552,2.6943113803863525,2.647700071334839,2.60345721244812,2.561439514160156,2.5215158462524414,2.4835660457611084,2.447479486465454,2.413154363632202,2.3804969787597656,2.3494210243225098,2.319846868515014,2.29170036315918,2.252309083938598,2.2394230365753174,2.239633321762085,2.306072473526001,2.9410574436187744,2.955951690673828,2.9719114303588867,2.988964080810547,3.007139205932617,3.026468276977539,3.0469858646392822,3.0687289237976074,3.091737508773804,3.1160545349121094,3.141726016998291,3.1688015460968018,3.1973347663879395,3.227383136749268,5.2435712814331055,5.2192864418029785,5.196807861328125,5.1760993003845215,5.157127380371094,5.1398606300354,5.124272346496582,5.110336780548096,5.0980329513549805,5.087340831756592,5.078244686126709,5.070729732513428,5.064784049987793,5.060399532318115,5.057568550109863,5.056287288665772,0.6317278742790222,0.6319544911384583,0.6323748230934143,0.6329895257949829,0.6337996125221252,0.634806215763092,0.6360109448432922,0.6374157071113586,0.6390226483345032,0.6408343315124512,0.6428535580635071,0.6450836062431335,0.6475279331207275,0.6501906514167786,inf,inf,inf,inf,inf,inf,inf,inf,inf,inf,inf,inf,inf,inf,inf,inf,inf,inf,inf,inf,inf,inf,inf,inf,inf,inf,inf,inf,inf,inf,inf,inf,inf,inf,inf,inf,inf,inf,inf,inf,inf,inf,inf,inf,inf,inf,inf,inf,inf,inf,inf,inf,inf,inf,inf,inf,inf,inf,inf,inf,inf,inf,inf,inf,inf,inf,inf,inf,inf,inf,inf,inf,inf,inf,inf,inf,inf,inf,inf,inf,inf,inf,inf,inf,inf,inf,inf,inf,inf,inf,inf,inf,inf,inf,inf,inf,inf,inf,inf,inf,inf,inf,inf,inf,inf,inf,inf,inf,inf,inf,inf,inf,inf,inf,inf,inf,inf,inf,inf,inf
1.762694188070298e+18,0.6583231820076405,-0.8692361253181463,17.22545682792677,11.264710467353918,inf,inf,inf,inf,inf,inf,inf,inf,inf,inf,inf,inf,inf,inf,inf,inf,inf,inf,inf,inf,inf,inf,inf,inf,inf,inf,inf,inf,inf,inf,inf,inf,inf,inf,inf,inf,inf,inf,inf,inf,inf,inf,inf,inf,inf,inf,inf,inf,inf,inf,inf,inf,inf,inf,inf,inf,inf,inf,inf,inf,inf,inf,inf,inf,inf,inf,inf,inf,inf,inf,inf,inf,inf,inf,inf,inf,inf,inf,inf,inf,inf,inf,inf,inf,inf,inf,inf,inf,inf,inf,inf,inf,inf,inf,inf,inf,inf,inf,inf,inf,inf,inf,inf,inf,inf,inf,inf,inf,inf,inf,inf,inf,inf,inf,inf,inf,inf,inf,inf,inf,inf,inf,inf,inf,inf,inf,inf,inf,inf,inf,inf,inf,inf,inf,inf,inf,inf,inf,inf,inf,inf,inf,inf,inf,inf,inf,inf,6.68018102645874,4.806518077850342,3.7545790672302246,3.081184148788452,2.613283634185791,2.2693591117858887,2.005974054336548,1.7978618144989014,1.629324197769165,1.4900938272476196,1.373172402381897,1.2736260890960691,1.1878761053085327,1.113263487815857,1.0477718114852903,1.0309226512908936,1.0368353128433228,1.0431373119354248,1.0498396158218384,1.056954026222229,1.0644935369491575,1.0724718570709229,4.341520309448242,4.182497501373291,4.035903930664063,3.900391101837158,3.774800539016724,3.658130168914795,3.549509048461914,3.4481773376464844,3.353468179702759,3.2647950649261475,3.1816389560699463,3.1035399436950684,3.030088186264038,2.9609177112579346,2.8957014083862305,2.834144353866577,2.775981903076172,2.7209744453430176,2.66890549659729,2.6195783615112305,2.572814702987671,2.5284512042999268,2.486339807510376,2.4463446140289307,2.4083406925201416,2.3722145557403564,2.3378610610961914,2.3051834106445312,2.2740931510925293,2.2445080280303955,2.216352224349976,2.1895558834075928,2.1640539169311523,2.129168510437012,2.1166975498199463,2.115677118301392,2.127601861953736,2.823357582092285,2.838691711425781,2.855071544647217,2.872525930404663,2.891084909439087,2.9107816219329834,2.931652069091797,2.9537341594696045,2.97706937789917,3.001702070236206,3.027679920196533,3.0550544261932373,3.083880662918091,3.114218235015869,5.132236957550049,5.11029052734375,5.090082168579102,5.071578502655029,5.054750442504883,5.039570331573486,5.026014804840088,5.01406192779541,5.003693103790283,4.994892597198486,4.987646579742432,4.981943607330322,4.977775573730469,4.975135326385498,4.9740190505981445,4.974424839019775,3.424415349960327,2.187135696411133,1.6070002317428589,1.270413160324097,1.050671100616455,0.8959701657295227,0.7811871767044067,0.6926619410514832,0.6223291754722595,0.5651199817657471,0.5613067746162415,0.563450813293457,0.5657851099967957,0.5683134198188782,0.5710399746894836,0.5739692449569702,0.5771062970161438,0.5804563760757446,0.5840253233909607,0.5878194570541382,0.5918454527854919,0.5961107015609741,0.6006229519844055,0.6053906679153442,inf,inf,inf,inf,inf,inf,inf,inf,inf,inf,inf,inf,inf,inf,inf,inf,inf,inf,inf,inf,inf,inf,inf,inf,inf,inf,inf,inf,inf,inf,inf,inf,inf,inf,inf,inf,inf,inf,inf,inf,inf,inf,inf,inf,inf,inf,inf,inf,inf,inf,inf,inf,inf,inf,inf,inf,inf,inf,inf,inf,inf,inf,inf,inf,inf,inf,inf,inf,inf,inf,inf,inf,inf,inf,inf,inf,inf,inf,inf,inf,inf,inf,inf,inf,inf,inf,inf,inf,inf,inf,inf,inf,inf,inf,inf,inf,inf,inf,inf,inf
1.7626941966466744e+18,0.8660115020599678,0.6136860137324887,19.62799146261838,24.556461166527946,inf,inf,inf,inf,inf,inf,inf,inf,inf,inf,inf,inf,inf,inf,inf,inf,inf,inf,inf,inf,inf,inf,inf,inf,inf,inf,inf,inf,inf,inf,inf,inf,inf,inf,inf,inf,inf,inf,inf,inf,inf,inf,inf,inf,inf,inf,inf,inf,inf,inf,inf,inf,inf,inf,inf,inf,inf,inf,inf,inf,inf,inf,inf,inf,inf,inf,inf,inf,inf,inf,inf,inf,inf,inf,inf,inf,inf,inf,inf,inf,inf,inf,inf,inf,inf,inf,inf,inf,inf,inf,inf,inf,inf,inf,inf,inf,inf,inf,inf,inf,inf,inf,inf,inf,inf,inf,inf,inf,inf,inf,inf,inf,inf,inf,inf,inf,inf,inf,inf,inf,inf,inf,inf,inf,inf,inf,inf,inf,inf,inf,inf,inf,inf,inf,inf,inf,inf,inf,inf,inf,inf,inf,inf,inf,inf,inf,inf,inf,inf,inf,inf,inf,inf,inf,inf,inf,inf,inf,inf,inf,inf,inf,inf,inf,inf,inf,inf,inf,inf,inf,inf,inf,inf,inf,inf,inf,inf,inf,inf,inf,inf,inf,inf,inf,inf,inf,inf,inf,inf,inf,inf,inf,inf,inf,inf,inf,inf,inf,inf,inf,inf,inf,inf,inf,inf,inf,inf,inf,inf,inf,inf,inf,inf,inf,inf,inf,inf,inf,inf,inf,inf,inf,inf,inf,inf,inf,inf,inf,inf,inf,inf,inf,inf,inf,inf,inf,inf,inf,inf,6.708833694458008,5.368250370025635,4.475340843200684,3.838115692138672,3.360636949539185,2.989628553390503,2.6931352615356445,2.450827121734619,2.2491531372070312,2.078734397888184,1.9328715801239011,1.806653380393982,1.6963962316513062,1.5992839336395264,1.5131261348724363,1.4361939430236816,1.3671042919158936,1.3047378063201904,1.248178482055664,1.1966700553894043,1.1495821475982666,1.106385350227356,1.0666319131851196,1.0299403667449951,0.995983898639679,0.9644806981086732,0.9351866841316224,0.9078893661499025,0.8824027180671692,0.8585635423660278,0.8362276554107666,0.8152676224708557,0.7955701351165771,0.7770341634750366,0.7595694065093994,0.7430948615074158,0.7275376915931702,0.7128322124481201,0.6989189982414246,0.6857444047927856,0.6732594966888428,0.6614198088645935,0.6501848697662354,0.6395176649093628,0.6293843388557434,0.6197537779808044,0.610597550868988,0.601889431476593,0.5936052799224854,0.5857228636741638,0.5782216787338257,0.5710827112197876,0.5642884373664856,0.5578226447105408,0.551670253276825,0.5458172559738159,0.5402507185935974,0.5349586606025696,0.5299298167228699,0.5251538753509521,0.520621120929718,0.5163226127624512,0.512232780456543,0.5083783268928528,0.5047347545623779,0.5012953281402588,0.4980538189411163,0.4950044751167297,0.4921419322490692,0.489461213350296,0.4869577288627624,0.4846272766590118,0.4824659526348114,0.4804701805114746,0.4786367118358612,0.4769625961780548,0.4754451215267181,0.4740818738937378,0.4728707075119018,0.5001049637794495,0.5859479308128357,0.7076288461685181,0.8934381008148193,1.212076187133789,1.8848820924758911,4.239419937133789,inf,inf,inf,inf,inf,inf,inf,inf,inf,inf,inf,inf,inf,inf,inf,inf,inf,inf,inf,inf,inf,inf,inf,inf,inf,inf,inf,inf,inf,inf,inf,inf,inf,inf,inf
1.7626941968171116e+18,1.058502759545369,0.6580626901130057,18.62055276072398,22.17326483895391,inf,inf,inf,inf,inf,inf,inf,inf,inf,inf,inf,inf,inf,inf,inf,inf,inf,inf,inf,inf,inf,inf,inf,inf,inf,inf,inf,inf,inf,inf,inf,inf,inf,inf,inf,inf,inf,inf,inf,inf,inf,inf,inf,inf,inf,inf,inf,inf,inf,inf,inf,inf,inf,inf,inf,inf,inf,inf,inf,inf,inf,inf,inf,inf,inf,inf,inf,inf,inf,inf,inf,inf,inf,inf,inf,inf,inf,inf,inf,inf,inf,inf,inf,inf,inf,inf,inf,inf,inf,inf,inf,inf,inf,inf,inf,inf,inf,inf,inf,inf,inf,inf,inf,inf,inf,inf,inf,inf,inf,inf,inf,inf,inf,inf,inf,inf,inf,inf,inf,inf,inf,inf,inf,inf,inf,inf,inf,inf,inf,inf,inf,inf,inf,inf,inf,inf,inf,inf,inf,inf,inf,inf,inf,inf,inf,inf,inf,inf,inf,inf,inf,inf,inf,inf,inf,inf,inf,inf,inf,inf,inf,inf,inf,inf,inf,inf,inf,inf,inf,inf,inf,inf,inf,inf,inf,inf,inf,inf,inf,inf,inf,inf,inf,inf,inf,inf,inf,inf,inf,inf,inf,inf,inf,inf,inf,inf,inf,inf,inf,inf,inf,inf,inf,inf,inf,inf,inf,inf,inf,inf,inf,inf,inf,inf,inf,inf,inf,inf,inf,inf,inf,inf,inf,inf,inf,inf,inf,inf,inf,inf,inf,inf,inf,8.534636497497559,6.902252674102783,5.79553747177124,4.996001720428467,4.391506195068359,3.9185736179351807,3.5385780334472656,3.226666212081909,2.9661216735839844,2.7452874183654785,2.5557854175567627,2.3914406299591064,2.247600793838501,2.120694875717163,2.0079352855682373,1.9071156978607176,1.8164656162261963,1.7345489263534546,1.660187840461731,1.5924077033996582,1.5303949117660522,1.4734649658203125,1.4210377931594849,1.3726189136505127,1.3277838230133057,1.286166071891785,1.2474480867385864,1.2113529443740845,1.1776381731033323,1.146090388298035,1.1165215969085691,1.0887649059295654,1.062672138214111,1.038110852241516,1.014962911605835,0.993122100830078,0.9724926948547364,0.9529885649681092,0.9345318078994752,0.9170516133308412,0.9004838466644287,0.8847699761390686,0.8698567748069763,0.8556954860687256,0.8422415256500244,0.8294538855552673,0.8172951936721802,0.8057307600975037,0.7947288155555725,0.7842599749565125,0.774297297000885,0.764815628528595,0.7557918429374695,0.7472044825553894,0.7390336394309998,0.7312609553337097,0.7238692045211792,0.7168425917625427,0.710166335105896,0.7038266062736511,0.6978107690811157,0.6921068429946899,0.6867038607597351,0.6815915107727051,0.6767603158950806,0.6722013354301453,0.6679064035415649,0.6638678312301636,0.6600785851478577,0.6565321087837219,0.653222382068634,0.6501437425613403,0.6472911834716797,0.6446599364280701,0.6422457098960876,0.640044629573822,0.6380531191825867,0.636268138885498,0.6346708536148071,0.6332906484603882,0.6321094036102295,0.6311253309249878,0.6303369402885437,0.6297429203987122,0.6293424963951111,0.6291348934173584,0.6291199326515198,0.6292974948883057,0.6296678781509399,0.6302316784858704,0.6309897303581238,0.6319432258605957,inf,inf,inf,inf,inf,inf,inf,inf,inf,inf,inf,inf,inf,inf,inf,inf,inf,inf,inf,inf,inf,inf,inf,inf,inf,inf,inf,inf,inf,inf,inf,inf,inf,inf,inf
1.762694188272448e+18,0.6678438745863398,-0.853007470951001,13.083417179520335,7.502074626136973,inf,inf,inf,inf,inf,inf,inf,inf,inf,inf,inf,inf,inf,inf,inf,inf,inf,inf,inf,inf,inf,inf,inf,inf,inf,inf,inf,inf,inf,inf,inf,inf,inf,inf,inf,inf,inf,inf,inf,inf,inf,inf,inf,inf,inf,inf,inf,inf,inf,inf,inf,inf,inf,inf,inf,inf,inf,inf,inf,inf,inf,inf,inf,inf,inf,inf,inf,inf,inf,inf,inf,inf,inf,inf,inf,inf,inf,inf,inf,inf,inf,inf,inf,inf,inf,inf,inf,inf,inf,inf,inf,inf,inf,inf,inf,inf,inf,inf,inf,inf,inf,inf,inf,inf,inf,inf,inf,inf,inf,inf,inf,inf,inf,inf,inf,inf,inf,inf,inf,inf,inf,inf,inf,inf,inf,inf,inf,inf,inf,inf,inf,inf,inf,inf,inf,inf,inf,inf,inf,inf,inf,inf,inf,inf,inf,inf,inf,inf,inf,inf,inf,inf,inf,inf,inf,7.014220714569092,4.647544860839844,3.4758260250091557,2.7766408920288086,2.3122286796569824,1.981427550315857,1.7338966131210327,1.5417628288269043,1.388344645500183,1.263047456741333,1.158819317817688,1.0707846879959106,0.9954645037651062,0.9303101897239684,0.9212861061096193,0.926072359085083,0.9311950206756592,0.9366629123687744,0.942485511302948,0.9486730098724364,0.955236554145813,0.9621880650520324,4.299561023712158,4.137757301330566,3.9888663291931152,3.8514561653137207,3.724299430847168,3.6063389778137207,3.4966583251953125,3.394460678100586,3.299047946929932,3.2098076343536377,3.12619948387146,3.0477454662323,2.974020481109619,2.9046459197998047,2.839283227920532,2.7776286602020264,2.719409227371216,2.664378881454468,2.6123149394989014,2.563016176223755,2.516299247741699,2.471997737884521,2.429960012435913,2.390047073364258,2.3521323204040527,2.3160994052886963,2.281841516494751,2.249260425567627,2.218266010284424,2.188774824142456,2.160709857940674,2.134000301361084,2.1085805892944336,2.0843894481658936,2.029279947280884,2.028409481048584,2.0186450481414795,2.008066415786743,2.029524087905884,2.729308843612671,2.7454307079315186,2.76259446144104,2.7808306217193604,2.8001716136932373,2.820652723312378,2.84231185913086,2.865189552307129,2.8893299102783203,2.9147799015045166,2.941590547561645,2.969815969467163,2.9995152950286865,3.0307512283325195,5.041881084442139,5.02258825302124,5.004968166351318,4.988992691040039,4.974636077880859,4.9618754386901855,4.9506916999816895,4.941066741943359,4.932985305786133,4.926435947418213,4.921407222747803,4.917892456054688,4.915885925292969,4.915384292602539,4.91638708114624,4.918895721435547,3.664206504821777,2.7857820987701416,2.247640609741211,1.8842319250106807,1.6224098205566406,1.4248559474945068,1.27053701877594,1.1466951370239258,1.045142650604248,0.960383951663971,0.8885930180549622,0.8270241022109985,0.7736557126045227,0.7269665598869324,0.6857898235321045,0.6492157578468323,0.6165242791175842,0.5871384739875793,0.5605902075767517,0.5364959239959717,0.534105122089386,0.5382263660430908,0.5425789952278137,0.547171413898468,0.55201256275177,0.5571122169494629,0.562480628490448,0.5681290626525879,0.5740695595741272,0.5803150534629822,0.5868794322013855,0.5937778353691101,0.6010264754295349,inf,inf,inf,inf,inf,inf,inf,inf,inf,inf,inf,inf,inf,inf,inf,inf,inf,inf,inf,inf,inf,inf,inf,inf,inf,inf,inf,inf,inf,inf,inf,inf,inf,inf,inf,inf,inf,inf,inf,inf,inf,inf,inf,inf,inf,inf,inf,inf,inf,inf,inf,inf,inf,inf,inf,inf,inf,inf,inf,inf,inf,inf,inf,inf,inf,inf,inf,inf,inf,inf,inf,inf,inf,inf,inf,inf,inf,inf,inf,inf,inf
1.7626941884426698e+18,0.4927055119918105,-0.8275020689670196,10.8293913659232,5.410247723937126,inf,inf,inf,inf,inf,inf,inf,inf,inf,inf,inf,inf,inf,inf,inf,inf,inf,inf,inf,inf,inf,inf,inf,inf,inf,inf,inf,inf,inf,inf,inf,inf,inf,inf,inf,inf,inf,inf,inf,inf,inf,inf,inf,inf,inf,inf,inf,inf,inf,inf,inf,inf,inf,inf,inf,inf,inf,inf,inf,inf,inf,inf,inf,inf,inf,inf,inf,inf,inf,inf,inf,inf,inf,inf,inf,inf,inf,inf,inf,inf,inf,inf,inf,inf,inf,inf,inf,inf,inf,inf,inf,inf,inf,inf,inf,inf,inf,inf,inf,inf,inf,inf,inf,inf,inf,inf,inf,inf,inf,inf,inf,inf,inf,inf,inf,inf,inf,inf,inf,inf,inf,inf,inf,inf,inf,inf,inf,inf,inf,inf,inf,inf,inf,inf,inf,inf,inf,inf,inf,inf,inf,inf,inf,inf,inf,inf,inf,inf,inf,inf,inf,inf,inf,inf,inf,inf,inf,inf,inf,inf,inf,inf,inf,inf,4.885736465454102,3.481046199798584,2.704350471496582,2.2115769386291504,1.8711905479431152,1.6220371723175049,1.4318245649337769,1.28189218044281,1.1607050895690918,1.0607489347457886,0.9769187569618224,0.90562504529953,0.8442701697349548,0.8455513119697571,0.8498067259788513,0.8543679714202881,0.8592427968978882,0.8644396662712097,0.869967520236969,0.8758363127708435,0.8820565342903137,0.8886396288871765,4.144436836242676,3.99204158782959,3.851592779159546,3.72179102897644,3.6015191078186035,3.489811420440674,3.3858299255371094,3.2888426780700684,3.1982085704803467,3.113363027572632,3.033807277679444,2.9590988159179688,2.8888442516326904,2.8226919174194336,2.760327100753784,2.701467275619507,2.6458580493927,2.5932695865631104,2.5434939861297607,2.496342658996582,2.4516444206237797,2.409242630004883,2.368995428085327,2.3307721614837646,2.294453859329224,2.2599308490753174,2.227102756500244,2.1958770751953125,2.166168689727783,2.1378986835479736,2.110994815826416,2.085389852523804,2.061021566390991,2.037832736968994,2.015769720077514,1.9674783945083616,1.9675456285476685,1.955859422683716,1.955938458442688,1.9713659286499023,2.6789915561676025,2.696218729019165,2.7145049571990967,2.733883142471313,2.7543890476226807,2.7760605812072754,2.7989392280578613,2.8230690956115723,2.8484978675842285,2.875276803970337,2.90346097946167,2.9331092834472656,2.9642858505249023,2.9970593452453613,4.983540058135986,4.966866970062256,4.951815605163574,4.938361167907715,4.926483631134033,4.916163444519043,4.907384872436523,4.900134563446045,4.8944010734558105,4.890175819396973,4.887451648712158,4.88622522354126,4.886494159698486,4.888258934020996,4.891522407531738,4.25507116317749,3.347229242324829,2.7593514919281006,2.3477344512939453,2.0435240268707275,1.8095970153808596,1.6241713762283323,1.4736231565475464,1.348994493484497,1.2441534996032717,1.1547611951828003,1.077661156654358,1.0105020999908447,0.951496720314026,0.899262011051178,0.8527112603187561,0.8109787702560425,0.7733660936355591,0.7393038868904114,0.7083231806755066,0.680034339427948,0.6541106700897217,0.6302767395973206,0.6082982420921326,0.5879747271537781,0.5691339373588562,0.5516266226768494,0.537147045135498,0.542879581451416,0.548905611038208,0.5552387237548828,0.5618935823440552,0.5688861608505249,0.576233446598053,0.5839540958404541,0.5920680165290833,0.6005970239639282,0.6095645427703857,0.618996262550354,inf,inf,inf,inf,inf,inf,inf,inf,inf,inf,inf,inf,inf,inf,inf,inf,inf,inf,inf,inf,inf,inf,inf,inf,inf,inf,inf,inf,inf,inf,inf,inf,inf,inf,inf,inf,inf,inf,inf,inf,inf,inf,inf,inf,inf,inf,inf,inf,inf,inf,inf,inf,inf,inf,inf,inf,inf,inf,inf,inf,inf,inf,inf,inf,inf,inf
1.7626941886465728e+18,0.4353843366568155,-0.7265565161119412,12.962539574097285,9.119868168045622,inf,inf,inf,inf,inf,inf,inf,inf,inf,inf,inf,inf,inf,inf,inf,inf,inf,inf,inf,inf,inf,inf,inf,inf,inf,inf,inf,inf,inf,inf,inf,inf,inf,inf,inf,inf,inf,inf,inf,inf,inf,inf,inf,inf,inf,inf,inf,inf,inf,inf,inf,inf,inf,inf,inf,inf,inf,inf,inf,inf,inf,inf,inf,inf,inf,inf,inf,inf,inf,inf,inf,inf,inf,inf,inf,inf,inf,inf,inf,inf,inf,inf,inf,inf,inf,inf,inf,inf,inf,inf,inf,inf,inf,inf,inf,inf,inf,inf,inf,inf,inf,inf,inf,inf,inf,inf,inf,inf,inf,inf,inf,inf,inf,inf,inf,inf,inf,inf,inf,inf,inf,inf,inf,inf,inf,inf,inf,inf,inf,inf,inf,inf,inf,inf,inf,inf,inf,inf,inf,inf,inf,inf,inf,inf,inf,inf,inf,inf,inf,inf,inf,inf,inf,inf,inf,inf,inf,inf,inf,inf,inf,inf,inf,inf,inf,inf,inf,inf,inf,inf,6.161929607391357,3.9431653022766113,2.899876117706299,2.293705701828003,1.8976205587387085,1.618608832359314,1.4115039110183716,1.251725673675537,1.124751091003418,1.0214483737945557,0.9357874393463136,0.8636260032653809,0.8020249009132385,0.7609090209007263,0.7645618915557861,0.7684863805770874,0.7726889848709106,0.7771769165992737,0.7819579839706421,0.7870405316352844,0.7924336791038513,0.7981472015380859,0.804191529750824,0.8105780482292175,3.902522087097168,3.767001867294312,3.641655206680298,3.525425672531128,3.417399406433105,3.3167812824249268,3.222876787185669,3.135075807571411,3.0528414249420166,2.975698232650757,2.903223991394043,2.83504319190979,2.7708194255828857,2.710252046585083,2.6530704498291016,2.5990307331085205,2.54791259765625,2.499516487121582,2.4536616802215576,2.41018295288086,2.36893081665039,2.3297677040100098,2.292568683624268,2.257218599319458,2.2236123085021973,2.191652774810791,2.1612510681152344,2.132324695587158,2.104797840118408,2.078600645065308,2.053668260574341,2.0299408435821533,2.007362604141236,1.985882043838501,1.9654513597488403,1.9460262060165403,1.9115337133407595,1.910030484199524,1.893385887145996,1.9175392389297483,2.011324882507324,2.644577980041504,2.663743019104004,2.684015274047852,2.705432653427124,2.728035926818848,2.751869440078736,2.77698016166687,2.80341911315918,2.8312411308288574,2.8605048656463623,2.8912739753723145,2.923616409301758,2.957606077194214,4.941763401031494,4.927253723144531,4.914329051971436,4.902967929840088,4.893153190612793,4.884869575500488,4.878104209899902,4.8728461265563965,4.869088172912598,4.866823673248291,4.866049766540527,4.86676549911499,4.86897087097168,4.872670650482178,4.877869129180908,4.055123329162598,3.3789165019989014,2.8967580795288086,2.5356991291046143,2.2552852630615234,2.0312752723693848,1.848259449005127,1.695972919464111,1.567314386367798,1.4572142362594604,1.3619567155838013,1.2787562608718872,1.2054834365844729,1.140482783317566,1.0824474096298218,1.0303325653076172,0.9832924604415894,0.9406353235244752,0.9017899036407472,0.866280198097229,0.8337064981460571,0.8037307262420654,0.776064932346344,0.7504623532295227,0.7267103791236877,0.7046247124671936,0.6840450763702393,0.6648311018943787,0.6468595266342163,0.6300217509269714,0.614221453666687,0.5993732213973999,0.5854008197784424,0.5722361207008362,0.5686989426612854,0.5769801735877991,0.5856879949569702,0.594847559928894,0.6044860482215881,0.6146332025527954,0.6253214478492737,0.6365862488746643,0.6484664082527161,0.6610045433044434,inf,inf,inf,inf,inf,inf,inf,inf,inf,inf,inf,inf,inf,inf,inf,inf,inf,inf,inf,inf,inf,inf,inf,inf,inf,inf,inf,inf,inf,inf,inf,inf,inf,inf,inf,inf,inf,inf,inf,inf,inf,inf,inf,inf,inf,inf,inf,inf,inf,inf,inf,inf,inf
1.7626941888166907e+18,0.5011150374879967,-0.5522289012615629,12.654267693178175,9.362088224086651,inf,inf,inf,inf,inf,inf,inf,inf,inf,inf,inf,inf,inf,inf,inf,inf,inf,inf,inf,inf,inf,inf,inf,inf,inf,inf,inf,inf,inf,inf,inf,inf,inf,inf,inf,inf,inf,inf,inf,inf,inf,inf,inf,inf,inf,inf,inf,inf,inf,inf,inf,inf,inf,inf,inf,inf,inf,inf,inf,inf,inf,inf,inf,inf,inf,inf,inf,inf,inf,inf,inf,inf,inf,inf,inf,inf,inf,inf,inf,inf,inf,inf,inf,inf,inf,inf,inf,inf,inf,inf,inf,inf,inf,inf,inf,inf,inf,inf,inf,inf,inf,inf,inf,inf,inf,inf,inf,inf,inf,inf,inf,inf,inf,inf,inf,inf,inf,inf,inf,inf,inf,inf,inf,inf,inf,inf,inf,inf,inf,inf,inf,inf,inf,inf,inf,inf,inf,inf,inf,inf,inf,inf,inf,inf,inf,inf,inf,inf,inf,inf,inf,inf,inf,inf,inf,inf,inf,inf,inf,inf,inf,inf,inf,inf,inf,inf,inf,inf,inf,inf,inf,inf,inf,inf,inf,5.560300827026367,3.583170890808105,2.6438724994659424,2.095258951187134,1.7356384992599487,1.481768250465393,1.2930331230163574,1.1472562551498413,1.031302571296692,0.9368967413902284,0.8585659861564636,0.7925463914871216,0.7361642122268677,0.6874676942825317,0.6622115969657898,0.6656184196472168,0.6692663431167603,0.6731616258621216,0.6773109436035156,0.6817216873168945,0.6864016056060791,0.691359281539917,0.6966037750244141,0.702144980430603,0.7079933881759644,0.7141604423522949,3.604750156402588,3.4898643493652344,3.3830788135528564,3.28360915184021,3.190770149230957,3.1039602756500244,3.0226492881774902,2.9463682174682617,2.8747003078460693,2.80727481842041,2.743760347366333,2.68385910987854,2.6273043155670166,2.57385516166687,2.52329421043396,2.475424289703369,2.4300663471221924,2.3870582580566406,2.3462514877319336,2.3075106143951416,2.270711898803711,2.2357418537139893,2.202496290206909,2.170879602432251,2.140803337097168,2.112186908721924,2.084954738616944,2.059037923812866,2.034372329711914,2.0108988285064697,1.9885624647140503,1.967312216758728,1.9471007585525515,1.9278843402862549,1.9096221923828125,1.892276406288147,1.8523520231246948,1.85487961769104,1.8453967571258545,1.8446968793869016,1.8659400939941408,2.5966317653656006,2.6173856258392334,2.639288187026977,2.662381887435913,2.686712741851806,2.712329864501953,2.7392866611480717,2.7676401138305664,2.797451496124268,2.828787088394165,2.86171817779541,2.896322011947632,2.932681083679199,4.898474216461182,4.887203693389893,4.8774733543396,4.869268894195557,4.862577438354492,4.857388496398926,4.853694915771484,4.851489543914795,4.850770473480225,4.851535320281982,4.853786468505859,4.857526302337647,4.862761497497559,4.869499683380127,4.297957420349121,3.6877479553222656,3.230133056640625,2.8743345737457275,2.589855194091797,2.357271909713745,2.163628339767456,1.99994957447052,1.859822988510132,1.7385438680648804,1.6325825452804563,1.539239525794983,1.4564145803451538,1.3824493885040283,1.3160171508789062,1.256043553352356,1.20164954662323,1.152109146118164,1.1068170070648191,1.0652649402618408,1.0270227193832395,0.9917240738868712,0.959054946899414,0.928744614124298,0.9005586504936218,0.8742927312850952,0.8497681617736816,0.8268280625343323,0.8053339719772339,0.785163164138794,0.7662068605422974,0.7483679056167603,0.7315594553947449,0.7157036662101746,0.7007305026054382,0.686576783657074,0.673185408115387,0.6605046987533569,0.6484876275062561,0.6370915174484253,0.6262773275375366,0.6264396905899048,0.6385670304298401,0.6513764262199402,0.6649178862571716,0.6792465448379517,0.6944236159324646,0.7105167508125305,0.7276014089584351,inf,inf,inf,inf,inf,inf,inf,inf,inf,inf,inf,inf,inf,inf,inf,inf,inf,inf,inf,inf,inf,inf,inf,inf,inf,inf,inf,inf,inf,inf,inf,inf,inf,inf,inf,inf,inf,inf,inf,inf,inf,inf
1.762694197020386e+18,1.0685694073224965,0.529383848849269,18.656039791269876,21.932322905745583,inf,inf,inf,inf,inf,inf,inf,inf,inf,inf,inf,inf,inf,inf,inf,inf,inf,inf,inf,inf,inf,inf,inf,inf,inf,inf,inf,inf,inf,inf,inf,inf,inf,inf,inf,inf,inf,inf,inf,inf,inf,inf,inf,inf,inf,inf,inf,inf,inf,inf,inf,inf,inf,inf,inf,inf,inf,inf,inf,inf,inf,inf,inf,inf,inf,inf,inf,inf,inf,inf,inf,inf,inf,inf,inf,inf,inf,inf,inf,inf,inf,inf,inf,inf,inf,inf,inf,inf,inf,inf,inf,inf,inf,inf,inf,inf,inf,inf,inf,inf,inf,inf,inf,inf,inf,inf,inf,inf,inf,inf,inf,inf,inf,inf,inf,inf,inf,inf,inf,inf,inf,inf,inf,inf,inf,inf,inf,inf,inf,inf,inf,inf,inf,inf,inf,inf,inf,inf,inf,inf,inf,inf,inf,inf,inf,inf,inf,inf,inf,inf,inf,inf,inf,inf,inf,inf,inf,inf,inf,inf,inf,inf,inf,inf,inf,inf,inf,inf,inf,inf,inf,inf,inf,inf,inf,inf,inf,inf,inf,inf,inf,inf,inf,inf,inf,inf,inf,inf,inf,inf,inf,inf,inf,inf,inf,inf,inf,inf,inf,inf,inf,inf,inf,inf,inf,inf,inf,inf,inf,inf,inf,inf,inf,inf,inf,inf,inf,inf,inf,inf,inf,inf,inf,inf,inf,inf,inf,inf,inf,inf,7.261301517486572,6.232533931732178,5.460562705993652,4.860073566436768,4.379776954650879,3.986983776092529,3.6598734855651855,3.3833255767822266,3.1465296745300293,2.9415533542633057,2.7624428272247314,2.6046438217163086,2.4646120071411133,2.339548349380493,2.22721266746521,2.125791072845459,2.033799409866333,1.9500113725662231,1.8734043836593628,1.8031197786331177,1.7384309768676758,1.6787189245224,1.62345290184021,1.5721755027770996,1.524490475654602,1.4800523519515991,1.4385592937469482,1.399746060371399,1.3633782863616943,1.3292490243911743,1.2971739768981934,1.2669888734817505,1.2385470867156982,1.2117167711257937,1.1863796710968018,1.162428855895996,1.1397677659988403,1.1183090209960938,1.097973108291626,1.0786877870559692,1.060387134552002,1.0430108308792114,1.0265040397644043,1.010815978050232,0.995900332927704,0.9817145466804504,0.9682193398475648,0.955378532409668,0.9431586861610411,0.931528866291046,0.9204606413841248,0.9099275469779968,0.8999050259590149,0.8903703689575195,0.8813024759292603,0.872681736946106,0.8644900321960449,0.8567103743553162,0.8493270874023438,0.8423255085945129,0.8356920480728149,0.8294140696525574,0.8234798312187195,0.8178784251213074,0.8125995993614197,0.8076341152191162,0.8029730916023254,0.7986086010932922,0.7945330142974854,0.7907396554946899,0.7872220277786255,0.7839744091033936,0.7809914350509644,0.7782683968544006,0.7758008241653442,0.77358478307724,0.7716168165206909,0.7698938250541687,0.7684131860733032,0.7671724557876587,0.7661698460578918,0.765403687953949,0.7648729681968689,0.7645767331123352,0.7645145654678345,0.7646864056587219,0.7650924921035767,0.7657176852226257,0.766594409942627,0.767708420753479,0.769061267375946,0.7706551551818848,0.7724925875663757,0.7745763063430786,0.7769097089767456,0.7794964909553528,0.7823407053947449,0.7854470014572144,inf,inf,inf,inf,inf,inf,inf,inf,inf,inf,inf,inf,inf,inf,inf,inf,inf,inf,inf,inf,inf,inf,inf,inf,inf,inf,inf,inf,inf,inf,inf,inf
1.762694197190966e+18,1.0075732680785932,0.4698648606651696,16.585115328472497,20.07226317179493,inf,inf,inf,inf,inf,inf,inf,inf,inf,inf,inf,inf,inf,inf,inf,inf,inf,inf,inf,inf,inf,inf,inf,inf,inf,inf,inf,inf,inf,inf,inf,inf,inf,inf,inf,inf,inf,inf,inf,inf,inf,inf,inf,inf,inf,inf,inf,inf,inf,inf,inf,inf,inf,inf,inf,inf,inf,inf,inf,inf,inf,inf,inf,inf,inf,inf,inf,inf,inf,inf,inf,inf,inf,inf,inf,inf,inf,inf,inf,inf,inf,inf,inf,inf,inf,inf,inf,inf,inf,inf,inf,inf,inf,inf,inf,inf,inf,inf,inf,inf,inf,inf,inf,inf,inf,inf,inf,inf,inf,inf,inf,inf,inf,inf,inf,inf,inf,inf,inf,inf,inf,inf,inf,inf,inf,inf,inf,inf,inf,inf,inf,inf,inf,inf,inf,inf,inf,inf,inf,inf,inf,inf,inf,inf,inf,inf,inf,inf,inf,inf,inf,inf,inf,inf,inf,inf,inf,inf,inf,inf,inf,inf,inf,inf,inf,inf,inf,inf,inf,inf,inf,inf,inf,inf,inf,inf,inf,inf,inf,inf,inf,inf,inf,inf,inf,inf,inf,inf,inf,inf,inf,inf,inf,inf,inf,inf,inf,inf,inf,inf,inf,inf,inf,inf,inf,inf,inf,inf,inf,inf,inf,inf,inf,inf,inf,inf,inf,inf,inf,inf,inf,inf,inf,inf,inf,inf,7.421291828155518,6.4807448387146,5.753347396850586,5.1741814613342285,4.702262878417969,4.310441970825195,3.980020523071289,3.69770097732544,3.4537672996521,3.240956544876098,3.053729295730591,2.8877880573272705,2.7397470474243164,2.606903314590454,2.487071990966797,2.378468990325928,2.2796223163604736,2.1893069744110107,2.106495141983032,2.03031849861145,1.9600378274917605,1.8950204849243164,1.834721565246582,1.7786691188812256,1.7264527082443235,1.677713394165039,1.6321362257003784,1.589443325996399,1.5493890047073364,1.5117549896240234,1.4763469696044922,1.4429911375045776,1.4115315675735474,1.3818283081054688,1.353754997253418,1.327197790145874,1.3020532131195068,1.2782275676727295,1.2556356191635132,1.2341994047164917,1.2138479948043823,1.1945165395736694,1.176145315170288,1.1586799621582031,1.142069935798645,1.1262692213058472,1.1112351417541504,1.096928358078003,1.0833126306533811,1.0703542232513428,1.058022141456604,1.0462874174118042,1.0351234674453735,1.0245054960250854,1.0144102573394775,1.004816651344299,0.9957045316696168,0.9870555400848388,0.9788525104522704,0.9710793495178224,0.9637212157249452,0.9567643404006958,0.9501959085464478,0.9440038800239564,0.9381772875785828,0.932705819606781,0.9275800585746764,0.922791063785553,0.9183309078216552,0.914191961288452,0.9103675484657288,0.9068513512611388,0.9036375880241394,0.9007212519645692,0.898097574710846,0.8957624435424805,0.8937121629714966,0.8919435739517212,0.8904539346694946,0.8892408609390259,0.8883026242256165,0.8876376152038574,0.8872449398040771,0.8871239423751831,0.8872743844985962,0.8876966238021851,0.8883912563323975,0.8893592953681946,0.8906022906303406,0.8921220898628235,0.8939211368560791,0.8960021734237671,0.8983684182167053,0.9010236859321594,0.9039721488952636,0.9072023630142212,0.9107517004013062,0.9146098494529724,0.9187831878662108,0.9232786297798156,0.9281036853790284,0.9332664608955384,0.938775897026062,0.9446415305137634,inf,inf,inf,inf,inf,inf,inf,inf,inf,inf,inf,inf,inf,inf,inf,inf,inf,inf,inf,inf,inf,inf,inf,inf,inf,inf,inf,inf,inf,inf
1.7626941973640138e+18,0.924415602970261,0.4662347011301248,15.603699730576148,18.886534463311737,inf,inf,inf,inf,inf,inf,inf,inf,inf,inf,inf,inf,inf,inf,inf,inf,inf,inf,inf,inf,inf,inf,inf,inf,inf,inf,inf,inf,inf,inf,inf,inf,inf,inf,inf,inf,inf,inf,inf,inf,inf,inf,inf,inf,inf,inf,inf,inf,inf,inf,inf,inf,inf,inf,inf,inf,inf,inf,inf,inf,inf,inf,inf,inf,inf,inf,inf,inf,inf,inf,inf,inf,inf,inf,inf,inf,inf,inf,inf,inf,inf,inf,inf,inf,inf,inf,inf,inf,inf,inf,inf,inf,inf,inf,inf,inf,inf,inf,inf,inf,inf,inf,inf,inf,inf,inf,inf,inf,inf,inf,inf,inf,inf,inf,inf,inf,inf,inf,inf,inf,inf,inf,inf,inf,inf,inf,inf,inf,inf,inf,inf,inf,inf,inf,inf,inf,inf,inf,inf,inf,inf,inf,inf,inf,inf,inf,inf,inf,inf,inf,inf,inf,inf,inf,inf,inf,inf,inf,inf,inf,inf,inf,inf,inf,inf,inf,inf,inf,inf,inf,inf,inf,inf,inf,inf,inf,inf,inf,inf,inf,inf,inf,inf,inf,inf,inf,inf,inf,inf,inf,inf,inf,inf,inf,inf,inf,inf,inf,inf,inf,inf,inf,inf,inf,inf,inf,inf,inf,inf,inf,inf,inf,inf,inf,inf,inf,inf,inf,inf,inf,inf,inf,7.342299461364746,6.501975059509277,5.835848808288574,5.294997692108154,4.847250461578369,4.470583915710449,4.149414539337158,3.872403144836426,3.6311049461364746,3.4190995693206787,3.23141884803772,3.064159154891968,2.914210081100464,2.7790629863739014,2.6566720008850098,2.545352935791016,2.4437050819396973,2.350555658340454,2.2649145126342773,2.1859400272369385,2.112911939620972,2.0452113151550293,1.9823023080825808,1.923718810081482,1.869054198265076,1.817951321601868,1.770095705986023,1.7252094745635986,1.6830456256866455,1.643384337425232,1.6060295104980469,1.5708050727844238,1.5375529527664185,1.5061308145523071,1.4764100313186646,1.4482741355895996,1.4216173887252808,1.39634370803833,1.3723655939102173,1.3496031761169434,1.3279831409454346,1.3074387311935425,1.2879083156585691,1.2693355083465576,1.2516683340072632,1.2348588705062866,1.218863010406494,1.2036397457122805,1.1891515254974363,1.1753634214401243,1.162242770195007,1.1497598886489868,1.1378867626190186,1.12659752368927,1.1158682107925415,1.105676531791687,1.0960016250610352,1.0868242979049685,1.0781264305114746,1.0698915719985962,1.062104105949402,1.0547494888305664,1.0478144884109497,1.0412867069244385,1.0351545810699463,1.029407262802124,1.0240352153778076,1.0190290212631226,1.0143804550170898,1.010081768035889,1.0061259269714355,1.0025066137313845,0.9992178082466124,0.9962544441223145,0.9936116933822632,0.9912854433059692,0.989272117614746,0.987568497657776,0.9861720204353333,0.9850804805755616,0.984292209148407,0.9838059544563292,0.983621060848236,0.9837372303009032,0.9841545820236206,0.9848737716674804,0.9858959317207336,0.9872226119041444,0.9888558983802797,0.9907982349395752,0.9930527210235596,0.9956228733062744,0.9985126256942748,1.0017266273498535,1.005270004272461,1.0091484785079956,1.0133682489395142,1.0179362297058103,1.022860050201416,1.02814781665802,1.0337920188903809,1.0398353338241575,1.0462716817855835,1.053112506866455,1.0603699684143066,1.0680571794509888,1.0761884450912476,inf,inf,inf,inf,inf,inf,inf,inf,inf,inf,inf,inf,inf,inf,inf,inf,inf,inf,inf,inf,inf,inf,inf,inf,inf,inf,inf,inf,inf,inf,inf
1.7626941975652047e+18,0.8414540883336498,0.4707780883211244,12.550267137136943,16.0370113548774,inf,inf,inf,inf,inf,inf,inf,inf,inf,inf,inf,inf,inf,inf,inf,inf,inf,inf,inf,inf,inf,inf,inf,inf,inf,inf,inf,inf,inf,inf,inf,inf,inf,inf,inf,inf,inf,inf,inf,inf,inf,inf,inf,inf,inf,inf,inf,inf,inf,inf,inf,inf,inf,inf,inf,inf,inf,inf,inf,inf,inf,inf,inf,inf,inf,inf,inf,inf,inf,inf,inf,inf,inf,inf,inf,inf,inf,inf,inf,inf,inf,inf,inf,inf,inf,inf,inf,inf,inf,inf,inf,inf,inf,inf,inf,inf,inf,inf,inf,inf,inf,inf,inf,inf,inf,inf,inf,inf,inf,inf,inf,inf,inf,inf,inf,inf,inf,inf,inf,inf,inf,inf,inf,inf,inf,inf,inf,inf,inf,inf,inf,inf,inf,inf,inf,inf,inf,inf,inf,inf,inf,inf,inf,inf,inf,inf,inf,inf,inf,inf,inf,inf,inf,inf,inf,inf,inf,inf,inf,inf,inf,inf,inf,inf,inf,inf,inf,inf,inf,inf,inf,inf,inf,inf,inf,inf,inf,inf,inf,inf,inf,inf,inf,inf,inf,inf,inf,inf,inf,inf,inf,inf,inf,inf,inf,inf,inf,inf,inf,inf,inf,inf,inf,inf,inf,inf,inf,inf,inf,inf,inf,inf,inf,inf,inf,inf,inf,8.088263511657715,7.146559238433838,6.403024196624756,5.801233768463135,5.304327487945557,4.887207984924316,4.532194137573242,4.226469993591309,3.9605212211608887,3.72713303565979,3.520738363265991,3.336970329284668,3.172357082366944,3.024103164672852,2.889932155609131,2.7679717540740967,2.6566686630249023,2.5547220706939697,2.461035966873169,2.37467885017395,2.294855117797852,2.2208809852600098,2.152164936065674,2.088193416595459,2.028517961502075,1.9727452993392944,1.9205293655395508,1.871564269065857,1.8255786895751955,1.7823309898376465,1.741605520248413,1.7032090425491333,1.6669682264328003,1.632726788520813,1.6003435850143433,1.5696909427642822,1.5406529903411863,1.5131244659423828,1.4870095252990725,1.462220549583435,1.4386775493621826,1.4163072109222412,1.3950421810150146,1.3748207092285156,1.355586051940918,1.3372857570648191,1.319871425628662,1.3032984733581543,1.287525653839111,1.272514820098877,1.2582305669784546,1.2446399927139282,1.231712818145752,1.2194206714630127,1.2077373266220093,1.1966384649276731,1.1861014366149902,1.17610502243042,1.1666297912597656,1.1576573848724363,1.1491708755493164,1.1411545276641846,1.1335936784744265,1.1264748573303225,1.1197854280471802,1.113513708114624,1.107648849487305,1.1021809577941897,1.0971007347106934,1.092400074005127,1.0880708694458008,1.0841064453125,1.0805001258850098,1.0772463083267212,1.074339747428894,1.0717759132385254,1.0695507526397705,1.067660927772522,1.0661033391952517,1.0648757219314575,1.0639760494232178,1.0634031295776367,1.0631558895111084,1.0632340908050537,1.0636377334594729,1.064367651939392,1.0654246807098389,1.0668106079101562,1.0685274600982666,1.0705780982971191,1.0729655027389526,1.0756934881210327,1.0787663459777832,1.0821889638900757,1.0859665870666504,1.0901055335998535,1.0946123600006104,1.099494457244873,1.1047598123550415,1.1104172468185425,1.1164764165878296,1.1229475736618042,1.1298418045043943,1.1371713876724243,1.144949436187744,1.153172731399536,1.1618906259536743,1.1711022853851318,1.1808254718780518,1.191079020500183,1.2018831968307495,inf,inf,inf,inf,inf,inf,inf,inf,inf,inf,inf,inf,inf,inf,inf,inf,inf,inf,inf,inf,inf,inf,inf,inf,inf,inf,inf,inf,inf,inf,inf,inf
1.7626941977354406e+18,0.7483755223766507,0.4670745314474223,12.724661094514111,15.680236128707111,inf,inf,inf,inf,inf,inf,inf,inf,inf,inf,inf,inf,inf,inf,inf,inf,inf,inf,inf,inf,inf,inf,inf,inf,inf,inf,inf,inf,inf,inf,inf,inf,inf,inf,inf,inf,inf,inf,inf,inf,inf,inf,inf,inf,inf,inf,inf,inf,inf,inf,inf,inf,inf,inf,inf,inf,inf,inf,inf,inf,inf,inf,inf,inf,inf,inf,inf,inf,inf,inf,inf,inf,inf,inf,inf,inf,inf,inf,inf,inf,inf,inf,inf,inf,inf,inf,inf,inf,inf,inf,inf,inf,inf,inf,inf,inf,inf,inf,inf,inf,inf,inf,inf,inf,inf,inf,inf,inf,inf,inf,inf,inf,inf,inf,inf,inf,inf,inf,inf,inf,inf,inf,inf,inf,inf,inf,inf,inf,inf,inf,inf,inf,inf,inf,inf,inf,inf,inf,inf,inf,inf,inf,inf,inf,inf,inf,inf,inf,inf,inf,inf,inf,inf,inf,inf,inf,inf,inf,inf,inf,inf,inf,inf,inf,inf,inf,inf,inf,inf,inf,inf,inf,inf,inf,inf,inf,inf,inf,inf,inf,inf,inf,inf,inf,inf,inf,inf,inf,inf,inf,inf,inf,inf,inf,inf,inf,inf,inf,inf,inf,inf,inf,inf,inf,inf,inf,inf,inf,inf,inf,inf,inf,inf,7.724708557128906,6.9040207862854,6.242695331573486,5.698580741882324,5.24318790435791,4.856569290161133,4.524340629577637,4.235869407653809,3.983124494552612,3.7599287033081055,3.561451196670532,3.3838610649108887,3.2240800857543945,3.079607963562012,2.9483916759490967,2.828730583190918,2.719202995300293,2.61861252784729,2.5259439945220947,2.44033145904541,2.3610308170318604,2.2873997688293457,2.218880653381348,2.154987573623657,2.095294237136841,2.03942608833313,1.9870519638061523,1.9378787279129028,1.891645431518555,1.848119020462036,1.8070911169052124,1.7683746814727783,1.7318012714385986,1.697218894958496,1.6644898653030396,1.633489727973938,1.604104995727539,1.576232671737671,1.5497784614562988,1.5246564149856567,1.5007877349853516,1.478100299835205,1.456527590751648,1.4360085725784302,1.4164870977401731,1.3979113101959229,1.3802332878112793,1.3634088039398191,1.3473968505859375,1.3321595191955566,1.3176616430282593,1.303870677947998,1.2907562255859375,1.2782902717590332,1.266446590423584,1.255200982093811,1.2445307970046997,1.2344149351119995,1.2248340845108032,1.21576988697052,1.2072056531906128,1.1991255283355713,1.1915149688720703,1.1843606233596802,1.1776498556137085,1.1713711023330688,1.1655137538909912,1.1600679159164429,1.1550244092941284,1.1503751277923584,1.1461124420166016,1.142229437828064,1.138719916343689,1.1355783939361572,1.132799744606018,1.1303797960281372,1.1283146142959597,1.1266010999679563,1.1252366304397583,1.1242189407348633,1.1235467195510864,1.1232187747955322,1.123234510421753,1.1235941648483276,1.1242982149124146,1.12534761428833,1.1267441511154177,1.128489971160889,1.1305875778198242,1.133040428161621,1.1358522176742554,1.13902747631073,1.1425710916519165,1.1464886665344238,1.1507866382598877,1.155471920967102,1.1605520248413086,1.166035294532776,1.1719310283660889,1.1782491207122805,1.18500018119812,1.192196011543274,1.1998491287231443,1.2079731225967407,1.2165827751159668,1.225693702697754,1.2353230714797974,1.2454890012741089,1.25619375705719,1.2674932479858398,1.279392957687378,1.2919172048568726,1.305092453956604,1.3189469575881958,inf,inf,inf,inf,inf,inf,inf,inf,inf,inf,inf,inf,inf,inf,inf,inf,inf,inf,inf,inf,inf,inf,inf,inf,inf,inf,inf,inf,inf,inf,inf,inf,inf
1.7626941979397368e+18,0.7138258122457393,0.3710090605853697,13.623106370017693,14.79815333300763,inf,inf,inf,inf,inf,inf,inf,inf,inf,inf,inf,inf,inf,inf,inf,inf,inf,inf,inf,inf,inf,inf,inf,inf,inf,inf,inf,inf,inf,inf,inf,inf,inf,inf,inf,inf,inf,inf,inf,inf,inf,inf,inf,inf,inf,inf,inf,inf,inf,inf,inf,inf,inf,inf,inf,inf,inf,inf,inf,inf,inf,inf,inf,inf,inf,inf,inf,inf,inf,inf,inf,inf,inf,inf,inf,inf,inf,inf,inf,inf,inf,inf,inf,inf,inf,inf,inf,inf,inf,inf,inf,inf,inf,inf,inf,inf,inf,inf,inf,inf,inf,inf,inf,inf,inf,inf,inf,inf,inf,inf,inf,inf,inf,inf,inf,inf,inf,inf,inf,inf,inf,inf,inf,inf,inf,inf,inf,inf,inf,inf,inf,inf,inf,inf,inf,inf,inf,inf,inf,inf,inf,inf,inf,inf,inf,inf,inf,inf,inf,inf,inf,inf,inf,inf,inf,inf,inf,inf,inf,inf,inf,inf,inf,inf,inf,inf,inf,inf,inf,inf,inf,inf,inf,inf,inf,inf,inf,inf,inf,inf,inf,inf,inf,inf,inf,inf,inf,inf,inf,inf,inf,inf,inf,inf,inf,inf,inf,inf,inf,inf,inf,inf,inf,inf,inf,inf,inf,inf,inf,inf,inf,7.207418441772461,6.5182294845581055,5.951002597808838,5.476135730743408,5.0728912353515625,4.72630786895752,4.425321102142334,4.161571979522705,3.9286279678344727,3.721458196640015,3.5360710620880127,3.36926007270813,3.218418836593628,3.0814075469970703,2.9564530849456787,2.842073678970337,2.737020969390869,2.6402370929718018,2.5508177280426025,2.467987537384033,2.39107608795166,2.319501638412476,2.2527570724487305,2.1903977394104004,2.132032632827759,2.0773165225982666,2.025942802429199,1.977639317512512,1.932163119316101,1.8892964124679563,1.848844051361084,1.8106300830841064,1.7744957208633425,1.740297555923462,1.707905411720276,1.6772007942199707,1.6480761766433716,1.6204330921173096,1.5941818952560425,1.5692400932312012,1.545532464981079,1.5229896306991575,1.5015476942062378,1.48114812374115,1.461736798286438,1.4432635307312012,1.4256821870803833,1.408949851989746,1.3930271863937378,1.3778772354125977,1.3634660243988037,1.349761962890625,1.336735486984253,1.3243595361709597,1.3126084804534912,1.3014589548110962,1.2908889055252075,1.280877947807312,1.271407127380371,1.2624589204788208,1.254016637802124,1.246065378189087,1.238590955734253,1.2315802574157717,1.225021243095398,1.2189027070999146,1.21321439743042,1.20794677734375,1.2030912637710571,1.198639988899231,1.1945858001708984,1.1909220218658447,1.1876429319381714,1.1847435235977173,1.1822190284729004,1.1800655126571655,1.1782798767089844,1.1768591403961182,1.175801157951355,1.1751043796539309,1.1747677326202393,1.174790620803833,1.175173044204712,1.1759157180786133,1.177019715309143,1.1784868240356443,1.18031907081604,1.182519555091858,1.185091495513916,1.1880390644073486,1.1913667917251587,1.1950798034667969,1.1991842985153198,1.2036865949630735,1.2085939645767212,1.2139146327972412,1.2196571826934814,1.225831151008606,1.2324470281600952,1.239516019821167,1.247050404548645,1.2550634145736694,1.2635691165924072,1.2725830078125,1.2821215391159058,1.2922024726867676,1.302845120429993,1.3140699863433838,1.3258991241455078,1.3383564949035645,1.351449489593506,1.3652416467666626,1.3797448873519895,1.3949909210205078,1.4110143184661863,inf,inf,inf,inf,inf,inf,inf,inf,inf,inf,inf,inf,inf,inf,inf,inf,inf,inf,inf,inf,inf,inf,inf,inf,inf,inf,inf,inf,inf,inf,inf,inf,inf,inf
1.7626941930040233e+18,1.0220737396783448,-0.0327441136201671,20.315805216149176,20.31385874550111,inf,inf,inf,inf,inf,inf,inf,inf,inf,inf,inf,inf,inf,inf,inf,inf,inf,inf,inf,inf,inf,inf,inf,inf,inf,inf,inf,inf,inf,inf,inf,inf,inf,inf,inf,inf,inf,inf,inf,inf,inf,inf,inf,inf,inf,inf,inf,inf,inf,inf,inf,inf,inf,inf,inf,inf,inf,inf,inf,inf,inf,inf,inf,inf,inf,inf,inf,inf,inf,inf,inf,inf,inf,inf,inf,inf,inf,inf,inf,inf,inf,inf,inf,inf,inf,inf,inf,inf,inf,inf,inf,inf,inf,inf,inf,inf,inf,inf,inf,inf,inf,inf,inf,inf,inf,inf,inf,inf,inf,inf,inf,inf,inf,inf,inf,inf,inf,inf,inf,inf,inf,inf,inf,inf,inf,inf,inf,inf,inf,inf,inf,inf,inf,inf,inf,inf,inf,inf,inf,inf,inf,inf,inf,inf,inf,inf,inf,inf,inf,inf,inf,inf,inf,inf,inf,inf,inf,inf,inf,inf,inf,inf,inf,inf,inf,inf,inf,inf,inf,inf,inf,inf,inf,inf,inf,inf,inf,inf,inf,inf,inf,inf,inf,inf,inf,inf,inf,inf,inf,1.8240710496902464,1.7164649963378906,1.6213160753250122,1.5366073846817017,1.4607354402542114,1.3924095630645752,1.3305789232254028,1.2743794918060305,1.22309410572052,1.176122784614563,1.1329596042633057,1.0931750535964966,1.0564022064208984,1.0223253965377808,0.9906721115112304,0.9612053036689758,0.9337182641029358,0.9080297350883484,0.8839800357818604,0.8614282608032227,0.840249240398407,0.8203316330909729,0.8015760183334351,0.783893346786499,0.7672037482261658,0.7514351010322571,0.7365224957466125,0.7224069833755493,0.7090352177619934,0.6963586807250977,0.6843332052230835,0.672918438911438,0.6620774865150452,0.6517766118049622,0.641984760761261,0.6326735019683838,0.6238166689872742,0.6153900623321533,0.60737144947052,0.5997402667999268,0.592477560043335,0.5855656266212463,0.578988254070282,0.5727303624153137,0.5667778253555298,0.5611176490783691,0.5557378530502319,0.5506271123886108,0.5457749962806702,0.5411717295646667,0.536808431148529,0.5326765775680542,0.5287684798240662,0.5250767469406128,0.521594762802124,0.5183161497116089,0.515235185623169,0.5123465061187744,0.5096451044082642,0.5071264505386353,0.5047861933708191,0.5026205778121948,0.5006260275840759,0.4987992346286773,0.4971373081207275,0.4956375658512115,0.4942976534366607,0.4931154549121856,0.4920891225337982,0.4912170469760895,0.490497887134552,0.489930510520935,0.4895140826702118,0.4892479181289673,0.4891316592693329,0.4891650974750519,0.489348292350769,0.4896815419197082,0.4901652932167053,0.4908003807067871,0.4915876984596252,0.4925285279750824,0.4936242699623108,0.4948767125606537,0.4962877333164215,0.4978596270084381,0.4995948672294616,0.5014962553977966,0.5035668015480042,0.5058099627494812,0.5082294344902039,0.5108292102813721,0.5136137008666992,0.5165876746177673,0.5197561979293823,0.5231249332427979,0.5266998410224915,0.5304874181747437,0.5344945192337036,0.5387287735939026,0.5431982278823853,0.5479114651679993,0.5528779029846191,0.5581075549125671,0.5636112093925476,0.569400429725647,0.5754877328872681,0.5818865895271301,0.5886114835739136,0.5956780314445496,0.6031031012535095,0.6109049320220947,0.619103193283081,0.6277191638946533,0.6367759704589844,0.6462985277175903,0.6563141942024231,0.6668523550033569,0.6779453158378601,0.6896281838417053,0.7019393444061279,0.7149207592010498,0.7286185622215271,0.7430832982063293,0.7583707571029663,0.7745424509048462,0.7916663885116577,0.8098180294036865,0.8290811777114868,0.849549412727356,0.87132728099823,0.8945319056510925,0.9192953109741212,0.9457665085792542,0.9741142392158508,1.004530668258667,1.0372354984283447,1.0724807977676392,1.1105574369430542,1.151802659034729,1.1966098546981812,1.24544095993042,1.2988414764404297,1.3574602603912354,1.4220759868621826,1.4936305284500122,1.5732742547988892,1.6624274253845217,1.7628635168075562,1.8768270015716555,2.007200002670288,2.157747507095337,2.333481550216675,2.541224479675293,2.7905094623565674,3.09507155418396,3.475453615188598,3.9638168811798096,4.613508701324463,inf,inf,inf,inf,inf,inf,inf,inf,inf,inf,inf,inf
1.762694193177952e+18,0.9994895786049,0.0,18.33443100309546,18.52563587417247,inf,inf,inf,inf,inf,inf,inf,inf,inf,inf,inf,inf,inf,inf,inf,inf,inf,inf,inf,inf,inf,inf,inf,inf,inf,inf,inf,inf,inf,inf,inf,inf,inf,inf,inf,inf,inf,inf,inf,inf,inf,inf,inf,inf,inf,inf,inf,inf,inf,inf,inf,inf,inf,inf,inf,inf,inf,inf,inf,inf,inf,inf,inf,inf,inf,inf,inf,inf,inf,inf,inf,inf,inf,inf,inf,inf,inf,inf,inf,inf,inf,inf,inf,inf,inf,inf,inf,inf,inf,inf,inf,inf,inf,inf,inf,inf,inf,inf,inf,inf,inf,inf,inf,inf,inf,inf,inf,inf,inf,inf,inf,inf,inf,inf,inf,inf,inf,inf,inf,inf,inf,inf,inf,inf,inf,inf,inf,inf,inf,inf,inf,inf,inf,inf,inf,inf,inf,inf,inf,inf,inf,inf,inf,inf,inf,inf,inf,inf,inf,inf,inf,inf,inf,inf,inf,inf,inf,inf,inf,inf,inf,inf,inf,inf,inf,inf,inf,inf,inf,inf,inf,inf,inf,inf,inf,inf,inf,inf,inf,inf,inf,inf,inf,inf,inf,inf,inf,inf,inf,inf,1.6482529640197754,1.5569480657577517,1.4756559133529663,1.4028393030166626,1.3372610807418823,1.2779138088226318,1.2239688634872437,1.1747387647628784,1.1296480894088743,1.0882116556167605,1.0500173568725586,1.0147132873535156,0.9819967150688172,0.951606035232544,0.9233139753341676,0.89692223072052,0.8722567558288574,0.8491644859313965,0.8275100588798523,0.8071734309196472,0.788047730922699,0.7700375914573669,0.753057599067688,0.7370309233665466,0.7218884825706482,0.7075679302215576,0.6940127015113831,0.6811715960502625,0.6689980030059814,0.6574496030807495,0.6464875936508179,0.6360765695571899,0.6261841058731079,0.6167805194854736,0.6078383922576904,0.5993326306343079,0.5912401080131531,0.5835393667221069,0.5762106776237488,0.5692358016967773,0.5625978708267212,0.5562812685966492,0.5502713918685913,0.5445548295974731,0.5391191244125366,0.5339526534080505,0.5290445685386658,0.5243849158287048,0.5199643969535828,0.5157742500305176,0.5118064284324646,0.5080534815788269,0.5045084357261658,0.5011647939682007,0.4980165958404541,0.4950582385063171,0.4922845661640167,0.4896908104419708,0.487272560596466,0.4850257635116577,0.4829467236995697,0.4810319542884826,0.479278415441513,0.4776832461357116,0.4762439131736755,0.4749581217765808,0.4738238453865051,0.4728393256664276,0.4720030426979065,0.4713136553764343,0.4707701206207275,0.4703716039657593,0.4701175093650818,0.4700074195861816,0.4700411856174469,0.4702188670635223,0.470540702342987,0.4710071980953216,0.4716190993785858,0.4723773300647735,0.473283052444458,0.4743376672267914,0.4755428433418274,0.4769004583358764,0.4784126579761505,0.4800818562507629,0.4819107353687286,0.4839022159576416,0.4860595762729645,0.4883863925933838,0.4908865094184875,0.4935641884803772,0.4964239597320556,0.4994707703590393,0.5027100443840027,0.5061474442481995,0.5097892880439758,0.5136421918869019,0.5177134275436401,0.5220107436180115,0.5265424251556396,0.5313175320625305,0.5363456010818481,0.541637122631073,0.5472031831741333,0.5530558228492737,0.5592079758644104,0.5656735897064209,0.5724676847457886,0.5796064734458923,0.5871075391769409,0.5949896574020386,0.6032734513282776,0.6119810938835144,0.6211366653442383,0.6307662129402161,0.6408982872962952,0.651563823223114,0.6627965569496155,0.6746334433555603,0.6871148943901062,0.7002852559089661,0.7141931056976318,0.7288922071456909,0.7444416284561157,0.7609068751335144,0.7783604860305786,0.7968831658363342,0.8165648579597473,0.8375061750411987,0.8598198890686035,0.8836328983306885,0.909088671207428,0.936349630355835,0.9656006693840028,0.9970531463623048,1.0309497117996216,1.0675703287124634,1.1072396039962769,1.1503363847732544,1.1973050832748413,1.248671054840088,1.3050589561462402,1.367218852043152,1.436057448387146,1.5126830339431765,1.598463535308838,1.6951074600219729,1.8047776222229004,1.930251717567444,2.0751585960388184,2.244330644607544,2.444347858428955,2.684406518936157,2.9777629375457764,3.3442513942718506,3.814943790435791,4.441417217254639,inf,inf,inf,inf,inf,inf,inf,inf,inf,inf,inf,inf
1.7626941933784e+18,0.9326290810927792,0.0,17.263175122508915,17.261404811503464,inf,inf,inf,inf,inf,inf,inf,inf,inf,inf,inf,inf,inf,inf,inf,inf,inf,inf,inf,inf,inf,inf,inf,inf,inf,inf,inf,inf,inf,inf,inf,inf,inf,inf,inf,inf,inf,inf,inf,inf,inf,inf,inf,inf,inf,inf,inf,inf,inf,inf,inf,inf,inf,inf,inf,inf,inf,inf,inf,inf,inf,inf,inf,inf,inf,inf,inf,inf,inf,inf,inf,inf,inf,inf,inf,inf,inf,inf,inf,inf,inf,inf,inf,inf,inf,inf,inf,inf,inf,inf,inf,inf,inf,inf,inf,inf,inf,inf,inf,inf,inf,inf,inf,inf,inf,inf,inf,inf,inf,inf,inf,inf,inf,inf,inf,inf,inf,inf,inf,inf,inf,inf,inf,inf,inf,inf,inf,inf,inf,inf,inf,inf,inf,inf,inf,inf,inf,inf,inf,inf,inf,inf,inf,inf,inf,inf,inf,inf,inf,inf,inf,inf,inf,inf,inf,inf,inf,inf,inf,inf,inf,inf,inf,inf,inf,inf,inf,inf,inf,inf,inf,inf,inf,inf,inf,inf,inf,inf,inf,inf,inf,inf,inf,inf,inf,inf,inf,inf,inf,inf,inf,inf,1.4227441549301147,1.3525604009628296,1.2893513441085815,1.2321467399597168,1.1801481246948242,1.1326932907104492,1.0892277956008911,1.0492839813232422,1.012465000152588,0.9784317016601562,0.946892261505127,0.9175946712493896,0.8903199434280396,0.8648768067359924,0.8410977721214294,0.8188350796699524,0.797958493232727,0.7783521413803101,0.7599131464958191,0.7425495386123657,0.7261789441108704,0.7107273936271667,0.696128249168396,0.6823214292526245,0.6692523956298828,0.6568718552589417,0.6451348662376404,0.6340005397796631,0.6234315633773804,0.6133938431739807,0.6038560271263123,0.5947895050048828,0.5861679315567017,0.57796710729599,0.5701645612716675,0.5627398490905762,0.5556738376617432,0.5489490032196045,0.5425490140914917,0.5364587903022766,0.530664324760437,0.5251526832580566,0.5199118852615356,0.5149306058883667,0.5101985335350037,0.5057059526443481,0.5014439225196838,0.4974040389060974,0.4935785830020904,0.4899602830410003,0.4865424633026123,0.4833188652992248,0.4802836775779724,0.4774315655231476,0.4747575521469116,0.4722570478916168,0.4699257612228393,0.4677598178386688,0.4657556116580963,0.4639098644256592,0.4622195661067962,0.4606820046901703,0.459294706583023,0.4580554962158203,0.456962376832962,0.4560137093067169,0.4552079439163208,0.4545438885688782,0.4540204703807831,0.4536369442939758,0.4533926546573639,0.453287273645401,0.4533206224441528,0.4534927606582641,0.4538039267063141,0.4542546272277832,0.4548455476760864,0.4555775821208954,0.4564518928527832,0.4574698209762573,0.4586329460144043,0.4599430859088897,0.4614023566246032,0.4630130231380462,0.4647777080535888,0.4666992425918579,0.4687807559967041,0.4710257351398468,0.4734378755092621,0.476021260023117,0.4787802994251251,0.4817197620868683,0.484844833612442,0.4881610870361328,0.4916744828224182,0.4953914880752563,0.4993191063404083,0.5034647583961487,0.5078365802764893,0.5124431252479553,0.5172937512397766,0.5223984718322754,0.527768075466156,0.5334141254425049,0.5393490791320801,0.5455864071846008,0.5521406531333923,0.5590274333953857,0.5662636160850525,0.5738674998283386,0.5818588733673096,0.5902590751647949,0.5990914106369019,0.6083810925483704,0.6181555390357971,0.6284446120262146,0.6392809748649597,0.6507001519203186,0.6627412438392639,0.6754469275474548,0.6888641715049744,0.7030448317527771,0.7180458903312683,0.7339305281639099,0.7507688403129578,0.7686386704444885,0.7876267433166504,0.8078302145004272,0.829357922077179,0.8523324131965637,0.8768919110298157,0.9031933546066284,0.9314152002334596,0.9617613554000854,0.9944661259651184,1.0297995805740356,1.0680752992630005,1.1096587181091309,1.1549789905548096,1.2045429944992063,1.2589542865753174,1.318936467170715,1.38536536693573,1.4593108892440796,1.5420937538146973,1.6353641748428345,1.7412105798721311,1.8623158931732176,2.002185344696045,2.165487051010132,2.358578681945801,2.590346574783325,2.873603105545044,3.2275230884552,3.68215274810791,4.287387371063232,5.132601737976074,inf,inf,inf,inf,inf,inf,inf,inf,inf,inf,inf
1.762694193548687e+18,0.8673239304116679,0.0,17.263173419993247,17.261222366091292,inf,inf,inf,inf,inf,inf,inf,inf,inf,inf,inf,inf,inf,inf,inf,inf,inf,inf,inf,inf,inf,inf,inf,inf,inf,inf,inf,inf,inf,inf,inf,inf,inf,inf,inf,inf,inf,inf,inf,inf,inf,inf,inf,inf,inf,inf,inf,inf,inf,inf,inf,inf,inf,inf,inf,inf,inf,inf,inf,inf,inf,inf,inf,inf,inf,inf,inf,inf,inf,inf,inf,inf,inf,inf,inf,inf,inf,inf,inf,inf,inf,inf,inf,inf,inf,inf,inf,inf,inf,inf,inf,inf,inf,inf,inf,inf,inf,inf,inf,inf,inf,inf,inf,inf,inf,inf,inf,inf,inf,inf,inf,inf,inf,inf,inf,inf,inf,inf,inf,inf,inf,inf,inf,inf,inf,inf,inf,inf,inf,inf,inf,inf,inf,inf,inf,inf,inf,inf,inf,inf,inf,inf,inf,inf,inf,inf,inf,inf,inf,inf,inf,inf,inf,inf,inf,inf,inf,inf,inf,inf,inf,inf,inf,inf,inf,inf,inf,inf,inf,inf,inf,inf,inf,inf,inf,inf,inf,inf,inf,inf,inf,inf,inf,inf,inf,inf,inf,inf,inf,inf,inf,inf,inf,1.3033872842788696,1.242464542388916,1.1873300075531006,1.137213945388794,1.091477632522583,1.0495866537094116,1.0110903978347778,0.9756061434745787,0.9428067207336426,0.9124111533164978,0.8841763138771057,0.8578911423683167,0.8333712816238403,0.8104552626609802,0.7890007495880127,0.7688820958137512,0.7499876618385315,0.732218325138092,0.7154853343963623,0.6997093558311462,0.6848191618919373,0.6707504391670227,0.6574452519416809,0.6448510885238647,0.6329204440116882,0.6216100454330444,0.6108803749084473,0.6006955504417419,0.5910226702690125,0.5818315744400024,0.5730946063995361,0.564786434173584,0.5568837523460388,0.5493648648262024,0.542210042476654,0.535400927066803,0.5289205312728882,0.5227532386779785,0.5168843865394592,0.5113006234169006,0.5059893727302551,0.5009390115737915,0.4961388111114502,0.4915787279605865,0.4872494339942932,0.4831422865390777,0.4792492389678955,0.4755627512931824,0.4720759391784668,0.4687822759151459,0.4656757414340973,0.4627507925033569,0.4600022435188293,0.4574252963066101,0.4550155103206634,0.4527688026428222,0.4506813883781433,0.448749840259552,0.4469709694385528,0.4453418850898742,0.4438599348068237,0.442522794008255,0.4413283467292785,0.4402746558189392,0.4393601417541504,0.4385833144187927,0.4379430115222931,0.4374382495880127,0.437068223953247,0.4368323683738708,0.4367303550243377,0.4367620050907135,0.4369273781776428,0.4372266829013824,0.4376604557037353,0.4382292926311493,0.4389340877532959,0.4397759735584259,0.4407562017440796,0.4418763518333435,0.4431381225585937,0.4445435702800751,0.4460948705673218,0.4477945566177368,0.4496453404426574,0.4516502916812897,0.453812688589096,0.4561361372470855,0.4586245417594909,0.4612821936607361,0.4641136527061462,0.4671239256858825,0.4703183472156524,0.4737027287483215,0.4772832691669464,0.4810666441917419,0.4850601255893707,0.4892714321613312,0.4937089085578918,0.498381495475769,0.5032988786697388,0.5084713697433472,0.513910174369812,0.5196273326873779,0.5256357789039612,0.531949520111084,0.538583517074585,0.5455541610717773,0.5528789758682251,0.5605770945549011,0.5686690211296082,0.5771771669387817,0.586125910282135,0.5955415964126587,0.6054530143737793,0.6158915758132935,0.626891553401947,0.6384905576705933,0.650729775428772,0.6636543869972229,0.677314281463623,0.6917644739151001,0.707065761089325,0.7232855558395386,0.7404989004135132,0.7587894201278687,0.778250515460968,0.798987090587616,0.821117103099823,0.8447737693786621,0.8701081275939941,0.8972921371459961,0.9265220761299132,0.9580236077308656,0.9920567870140076,1.028923511505127,1.0689759254455566,1.1126269102096558,1.160364866256714,1.212770700454712,1.270541071891785,1.3345195055007937,1.405735731124878,1.4854615926742554,1.5752853155136108,1.6772174835205078,1.793840765953064,1.9285286664962769,2.0857741832733154,2.271695613861084,2.4948439598083496,2.7675466537475586,3.1082496643066406,3.5458521842956543,4.12833309173584,4.94160795211792,inf,inf,inf,inf,inf,inf,inf,inf,inf,inf,inf
1.7626941937194514e+18,0.8406091483500259,0.0,14.209061484604767,14.41884596530882,inf,inf,inf,inf,inf,inf,inf,inf,inf,inf,inf,inf,inf,inf,inf,inf,inf,inf,inf,inf,inf,inf,inf,inf,inf,inf,inf,inf,inf,inf,inf,inf,inf,inf,inf,inf,inf,inf,inf,inf,inf,inf,inf,inf,inf,inf,inf,inf,inf,inf,inf,inf,inf,inf,inf,inf,inf,inf,inf,inf,inf,inf,inf,inf,inf,inf,inf,inf,inf,inf,inf,inf,inf,inf,inf,inf,inf,inf,inf,inf,inf,inf,inf,inf,inf,inf,inf,inf,inf,inf,inf,inf,inf,inf,inf,inf,inf,inf,inf,inf,inf,inf,inf,inf,inf,inf,inf,inf,inf,inf,inf,inf,inf,inf,inf,inf,inf,inf,inf,inf,inf,inf,inf,inf,inf,inf,inf,inf,inf,inf,inf,inf,inf,inf,inf,inf,inf,inf,inf,inf,inf,inf,inf,inf,inf,inf,inf,inf,inf,inf,inf,inf,inf,inf,inf,inf,inf,inf,inf,inf,inf,inf,inf,inf,inf,inf,inf,inf,inf,inf,inf,inf,inf,inf,inf,inf,inf,inf,inf,inf,inf,inf,inf,inf,inf,inf,inf,inf,inf,inf,inf,inf,inf,inf,1.1963958740234375,1.143359661102295,1.095146894454956,1.051144242286682,1.010838508605957,0.973796546459198,0.9396507740020752,0.9080869555473328,0.8788349628448486,0.8516611456871033,0.8263627290725708,0.8027623891830444,0.7807049751281738,0.7600536346435547,0.7406874299049377,0.7224992513656616,0.7053936123847961,0.6892852187156677,0.6740977764129639,0.6597626805305481,0.6462182402610779,0.6334086656570435,0.6212834119796753,0.6097968220710754,0.5989071130752563,0.5885765552520752,0.5787703990936279,0.5694569945335388,0.5606074929237366,0.552195131778717,0.5441956520080566,0.5365864038467407,0.5293468236923218,0.5224577188491821,0.5159014463424683,0.5096616744995117,0.5037233829498291,0.4980725347995758,0.4926961362361908,0.4875821769237518,0.4827194809913635,0.4780976772308349,0.4737071394920349,0.4695388376712799,0.4655844867229461,0.4618363380432129,0.4582871794700622,0.4549302756786346,0.4517594575881958,0.4487688839435577,0.4459531903266907,0.4433074295520782,0.4408269822597503,0.4385075867176056,0.4363452792167663,0.4343364238739013,0.432477742433548,0.4307661354541778,0.4291988611221313,0.4277733564376831,0.4264873564243316,0.4253388345241546,0.4243259727954864,0.4234471917152405,0.4227011203765869,0.422086626291275,0.421602725982666,0.4212486743927002,0.4210239350795746,0.4209282100200653,0.4209612607955932,0.4211232364177704,0.421414315700531,0.4218349754810333,0.4223858416080475,0.4230677783489227,0.423881858587265,0.4248293042182922,0.4259116053581238,0.4271304905414581,0.4284878671169281,0.4299858808517456,0.431626945734024,0.4334137439727783,0.4353491365909576,0.4374363720417022,0.4396788775920868,0.4420804679393768,0.4446452856063843,0.4473776817321777,0.4502825438976288,0.4533649981021881,0.4566306471824646,0.4600854814052582,0.463735967874527,0.4675890803337097,0.4716522991657257,0.4759336411952972,0.4804418087005615,0.4851860702037811,0.4901764690876007,0.4954237341880798,0.5009395480155945,0.5067363381385803,0.5128276348114014,0.5192279815673828,0.5259530544281006,0.5330198407173157,0.5404468178749084,0.5482537746429443,0.5564623475074768,0.5650960206985474,0.5741803050041199,0.5837429761886597,0.5938143134117126,0.6044275164604187,0.6156188249588013,0.6274279356002808,0.6398986577987671,0.6530790328979492,0.667022168636322,0.681786835193634,0.6974382400512695,0.7140487432479858,0.7316990494728088,0.7504795789718628,0.7704916000366211,0.7918490171432495,0.8146806359291077,0.8391323089599609,0.8653702139854431,0.8935841917991638,0.9239920973777772,0.9568455815315248,0.9924363493919371,1.0311048030853271,1.073250412940979,1.1193451881408691,1.169951319694519,1.2257426977157593,1.287535309791565,1.3563261032104492,1.4333456754684448,1.520132303237915,1.6186331510543823,1.731350064277649,1.8615529537200928,2.0135977268218994,2.1934194564819336,2.4093177318573,2.673265218734741,3.003192186355591,3.4272189140319824,3.992091655731201,4.781667232513428,inf,inf,inf,inf,inf,inf,inf,inf,inf,inf,inf
1.7626941939235484e+18,0.7574903587722062,0.0,14.210541881629744,14.2086174600985,inf,inf,inf,inf,inf,inf,inf,inf,inf,inf,inf,inf,inf,inf,inf,inf,inf,inf,inf,inf,inf,inf,inf,inf,inf,inf,inf,inf,inf,inf,inf,inf,inf,inf,inf,inf,inf,inf,inf,inf,inf,inf,inf,inf,inf,inf,inf,inf,inf,inf,inf,inf,inf,inf,inf,inf,inf,inf,inf,inf,inf,inf,inf,inf,inf,inf,inf,inf,inf,inf,inf,inf,inf,inf,inf,inf,inf,inf,inf,inf,inf,inf,inf,inf,inf,inf,inf,inf,inf,inf,inf,inf,inf,inf,inf,inf,inf,inf,inf,inf,inf,inf,inf,inf,inf,inf,inf,inf,inf,inf,inf,inf,inf,inf,inf,inf,inf,inf,inf,inf,inf,inf,inf,inf,inf,inf,inf,inf,inf,inf,inf,inf,inf,inf,inf,inf,inf,inf,inf,inf,inf,inf,inf,inf,inf,inf,inf,inf,inf,inf,inf,inf,inf,inf,inf,inf,inf,inf,inf,inf,inf,inf,inf,inf,inf,inf,inf,inf,inf,inf,inf,inf,inf,inf,inf,inf,inf,inf,inf,inf,inf,inf,inf,inf,inf,inf,inf,inf,inf,inf,inf,inf,inf,inf,inf,inf,1.0596524477005005,1.0170700550079346,0.978065550327301,0.942219853401184,0.9091771245002748,0.8786331415176392,0.8503264784812927,0.8240310549736023,0.799550473690033,0.7767133116722107,0.755369246006012,0.7353858351707458,0.716646134853363,0.6990464329719543,0.6824942231178284,0.6669071316719055,0.6522112488746643,0.638340175151825,0.6252341270446777,0.6128392219543457,0.601106584072113,0.5899918675422668,0.579454779624939,0.5694587230682373,0.5599700808525085,0.5509583353996277,0.5423954129219055,0.5342555046081543,0.5265150666236877,0.5191522836685181,0.5121471881866455,0.5054811835289001,0.4991373121738434,0.4930996596813202,0.4873537123203277,0.4818858504295349,0.4766836166381836,0.471735268831253,0.4670300781726837,0.4625579416751861,0.4583095610141754,0.4542762339115143,0.4504499435424804,0.4468231499195099,0.4433888792991638,0.4401406347751617,0.4370724260807037,0.4341786503791809,0.431454062461853,0.428893893957138,0.4264936745166778,0.4242492616176605,0.4221568405628204,0.4202129244804382,0.4184142649173736,0.4167579412460327,0.4152412414550781,0.4138616919517517,0.4126171469688415,0.4115056097507477,0.4105253219604492,0.409674733877182,0.4089525640010834,0.4083576798439026,0.4078891277313232,0.4075462520122528,0.4073284566402435,0.4072354733943939,0.4072670936584472,0.4074234068393707,0.4077046513557434,0.4081112742424011,0.4086438417434692,0.409303218126297,0.4100904464721679,0.4110066890716553,0.4120534062385559,0.4132322371006012,0.4145450592041015,0.4159939587116241,0.4175812304019928,0.4193094670772552,0.4211814701557159,0.4232003688812256,0.4253695011138916,0.4276925027370453,0.430173397064209,0.4328164458274841,0.4356263279914856,0.4386079907417297,0.4417668581008911,0.4451087713241577,0.4486399292945862,0.4523671269416809,0.4562975466251373,0.460438996553421,0.4647998511791229,0.4693891108036041,0.4742164313793182,0.4792922735214233,0.4846278727054596,0.4902352690696716,0.4961275458335876,0.502318799495697,0.5088241696357727,0.5156601071357727,0.5228443741798401,0.5303962826728821,0.5383366942405701,0.5466882586479187,0.5554757118225098,0.5647258758544922,0.5744681358337402,0.5847344994544983,0.5955600142478943,0.6069831848144531,0.6190462708473206,0.6317957639694214,0.6452831029891968,0.6595650911331177,0.6747047305107117,0.6907719969749451,0.707845151424408,0.7260113954544067,0.7453687191009521,0.7660273909568787,0.7881118655204773,0.811763346195221,0.8371424078941345,0.8644326329231262,0.8938448429107666,0.9256222248077391,0.9600470066070556,0.997448205947876,1.0382122993469238,1.0827957391738892,1.1317418813705444,1.185702562332153,1.245466709136963,1.3119981288909912,1.3864868879318235,1.4704201221466064,1.5656801462173462,1.674685835838318,1.800597906112671,1.947627067565918,2.121509790420532,2.3302676677703857,2.58547043800354,2.9044437408447266,3.31435489654541,3.8603575229644775,4.6234307289123535,5.7646965980529785,inf,inf,inf,inf,inf,inf,inf,inf,inf,inf
1.7626941897363128e+18,0.563156576156666,-0.1505653544028246,15.84465221897345,16.218482935599674,inf,inf,inf,inf,inf,inf,inf,inf,inf,inf,inf,inf,inf,inf,inf,inf,inf,inf,inf,inf,inf,inf,inf,inf,inf,inf,inf,inf,inf,inf,inf,inf,inf,inf,inf,inf,inf,inf,inf,inf,inf,inf,inf,inf,inf,inf,inf,inf,inf,inf,inf,inf,inf,inf,inf,inf,inf,inf,inf,inf,inf,inf,inf,inf,inf,inf,inf,inf,inf,inf,inf,inf,inf,inf,inf,inf,inf,inf,inf,inf,inf,inf,inf,inf,inf,inf,inf,inf,inf,inf,inf,inf,inf,inf,inf,inf,inf,inf,inf,inf,inf,inf,inf,inf,inf,inf,inf,inf,inf,inf,inf,inf,inf,inf,inf,inf,inf,inf,inf,inf,inf,inf,inf,inf,inf,inf,inf,inf,inf,inf,inf,inf,inf,inf,inf,inf,inf,inf,inf,inf,inf,inf,inf,inf,inf,inf,inf,inf,inf,inf,inf,inf,inf,inf,inf,inf,inf,inf,inf,inf,inf,inf,inf,inf,inf,inf,inf,inf,inf,inf,inf,inf,inf,inf,inf,inf,inf,inf,inf,inf,inf,inf,inf,inf,inf,inf,inf,inf,inf,inf,inf,inf,inf,inf,4.625940799713135,3.3674890995025635,2.6479458808898926,2.182311534881592,1.856431007385254,1.6156617403030396,1.430562973022461,1.2838690280914309,1.1647851467132568,1.0662156343460083,0.983304798603058,0.9126172661781312,0.8516544103622437,0.7985552549362183,0.7519053220748901,0.7106104493141174,0.6738107204437256,0.6408211588859558,0.6110894680023193,0.584165096282959,0.5596771836280823,0.5373175740242004,0.5168279409408569,0.4979903697967529,0.4806196093559265,0.4645572006702423,0.4496668577194214,0.4358306229114532,0.4229460060596466,0.4109234809875488,0.3996844887733459,0.3891598284244537,0.3792882859706878,0.3700156211853027,0.3612934052944183,0.3530785143375397,0.3453322052955627,0.3380196988582611,0.3311096727848053,0.3245738446712494,0.3183865845203399,0.3125246465206146,0.3135309517383575,0.3191180527210235,0.325009137392044,0.3312250971794128,0.337788850069046,0.3447256088256836,0.3520632088184356,0.3598324954509735,0.368067592382431,0.3768064677715301,0.386091411113739,0.3959697186946869,0.4064944386482239,0.4177252352237701,2.017035484313965,1.996199131011963,1.97638738155365,1.9575581550598145,1.9396722316741943,1.9226932525634768,1.9065872430801392,1.8913228511810305,1.8768706321716309,1.8632034063339236,1.850295901298523,1.8381245136260984,1.8266676664352417,1.8159048557281492,1.805817484855652,1.7963882684707642,1.787601113319397,1.779441475868225,1.7505362033843994,1.7601287364959717,1.7585972547531128,1.7528232336044312,1.7928810119628906,2.6346051692962646,2.6700279712677,2.7072558403015137,2.746388912200928,2.7875354290008545,2.830812931060791,2.876349687576294,2.9242846965789795,4.8908538818359375,4.89141845703125,4.89348030090332,4.897043228149414,4.902112483978272,4.908695697784424,4.916803359985352,4.926447868347168,4.937644004821777,4.950409412384033,4.964764595031738,4.578444957733154,4.197832584381104,3.8767402172088623,3.602302312850952,3.365112781524658,3.158135175704956,2.976001501083374,2.814544200897217,2.6704795360565186,2.541184663772583,2.42453932762146,2.3188107013702397,2.222569704055786,2.1346263885498047,2.0539824962615967,1.9797935485839844,1.9113417863845823,1.8480117321014404,1.7892738580703735,1.7346693277359009,1.683798909187317,1.6363134384155271,1.5919066667556765,1.550308346748352,1.5112792253494265,1.474607229232788,1.4401030540466309,1.407597541809082,1.376939058303833,1.3479912281036377,1.3206313848495483,1.2947484254837036,1.270241618156433,1.24701988697052,1.2250001430511477,1.2041064500808716,1.1842700242996216,1.1654272079467771,1.1475204229354858,1.1304962635040283,1.1143057346343994,1.098904013633728,1.084249496459961,1.0703037977218628,1.057031750679016,1.0444004535675049,1.0323796272277832,1.0209412574768066,1.0100592374801636,0.9997093677520752,0.9898693561553956,0.9938786625862122,1.0278762578964231,1.0646193027496338,1.104437232017517,inf,inf,inf,inf,inf,inf,inf,inf,inf,inf,inf,inf,inf
1.7626941899066015e+18,0.8677868647199045,0.0909736364187015,21.706643938642003,22.597808361559228,inf,inf,inf,inf,inf,inf,inf,inf,inf,inf,inf,inf,inf,inf,inf,inf,inf,inf,inf,inf,inf,inf,inf,inf,inf,inf,inf,inf,inf,inf,inf,inf,inf,inf,inf,inf,inf,inf,inf,inf,inf,inf,inf,inf,inf,inf,inf,inf,inf,inf,inf,inf,inf,inf,inf,inf,inf,inf,inf,inf,inf,inf,inf,inf,inf,inf,inf,inf,inf,inf,inf,inf,inf,inf,inf,inf,inf,inf,inf,inf,inf,inf,inf,inf,inf,inf,inf,inf,inf,inf,inf,inf,inf,inf,inf,inf,inf,inf,inf,inf,inf,inf,inf,inf,inf,inf,inf,inf,inf,inf,inf,inf,inf,inf,inf,inf,inf,inf,inf,inf,inf,inf,inf,inf,inf,inf,inf,inf,inf,inf,inf,inf,inf,inf,inf,inf,inf,inf,inf,inf,inf,inf,inf,inf,inf,inf,inf,inf,inf,inf,inf,inf,inf,inf,inf,inf,inf,inf,inf,inf,inf,inf,inf,inf,inf,inf,inf,inf,inf,inf,inf,inf,inf,inf,inf,inf,inf,inf,inf,inf,inf,inf,inf,inf,inf,inf,inf,inf,inf,inf,inf,inf,6.570200443267822,4.49987268447876,3.4224696159362797,2.7620081901550293,2.3158152103424072,1.9942597150802608,1.751584768295288,1.5619893074035645,1.4098187685012815,1.2850236892700195,1.1808573007583618,1.092621684074402,1.0169451236724854,0.951344668865204,0.8939517140388489,0.8433330059051514,0.7983707189559937,0.7581803798675537,0.722052812576294,0.6894130110740662,0.6597896814346313,0.6327928900718689,0.60809725522995,0.5854292511940002,0.5645570158958435,0.5452829599380493,0.5274375677108765,0.5108745694160461,0.4954671263694763,0.4811047613620758,0.4676906764507293,0.4551398158073425,0.4433770775794983,0.4323360025882721,0.4219574332237243,0.4121886491775512,0.4029824733734131,0.3942965567111969,0.3860928416252136,0.3783369362354278,0.370997816324234,0.3640472590923309,0.3574597239494324,0.3512119352817535,0.3452826142311096,0.3396523892879486,0.3343034982681274,0.3292196393013,0.3243858516216278,0.31978839635849,0.3154146075248718,0.3112528026103973,0.3072921931743622,0.3035228550434112,0.2999354898929596,0.2965216338634491,0.2932733595371246,0.2901833057403564,0.2872446477413177,0.2844510972499847,0.281796783208847,0.2792761921882629,0.2768842577934265,0.2746162712574005,0.2724678516387939,0.2704348862171173,0.2685135900974273,0.26670041680336,0.2649921476840973,0.2633856832981109,0.2618782222270965,0.2604671716690063,0.2591501474380493,0.257924884557724,0.256789356470108,0.255741685628891,0.2604759037494659,0.284669816493988,0.3139242827892303,0.3499995172023773,0.3955793678760528,1.7638769149780271,1.7672879695892334,1.7645115852355957,1.8073127269744875,2.722461700439453,2.767035484313965,2.8139684200286865,2.863412380218506,2.915533304214477,2.9705123901367188,4.9327712059021,4.938634395599365,4.946026802062988,4.954959869384766,4.965447902679443,4.977506160736084,4.991154193878174,5.006413459777832,5.023308277130127,4.822385311126709,4.467736721038818,4.162865161895752,3.898059844970703,3.6659836769104,3.460988044738769,3.2786548137664795,3.1154770851135254,2.968637228012085,2.835844755172729,2.715219259262085,2.605201244354248,2.504488468170166,2.4119832515716557,2.326754570007324,2.2480080127716064,2.175060987472534,2.1073238849639893,2.04428505897522,1.9854981899261477,1.9305720329284668,1.8791624307632449,1.8309656381607056,1.7857121229171753,1.7431620359420776,1.703101634979248,1.6653392314910889,1.629702925682068,1.5960381031036377,1.5642048120498655,1.5340768098831177,1.5055395364761353,1.478488564491272,1.452829360961914,1.428475260734558,1.4053471088409424,1.3833725452423096,1.3624850511550903,1.3426237106323242,1.3237322568893433,1.3057591915130615,1.2886565923690796,1.2723805904388428,1.2568904161453247,1.2421482801437378,1.2281194925308228,1.2147716283798218,1.202074646949768,1.1900007724761963,1.1785240173339844,1.167620301246643,1.157267451286316,1.1615612506866455,1.206018567085266,1.2544134855270386,inf,inf,inf,inf,inf,inf,inf,inf,inf,inf,inf,inf,inf
1.7626941959310881e+18,0.4415010179949329,0.2603127912822002,6.2963296321548885,9.694522545593664,inf,inf,inf,inf,inf,inf,inf,inf,inf,inf,inf,inf,inf,inf,inf,inf,inf,inf,inf,inf,inf,inf,inf,inf,inf,inf,inf,inf,inf,inf,inf,inf,inf,inf,inf,inf,inf,inf,inf,inf,inf,inf,inf,inf,inf,inf,inf,inf,inf,inf,inf,inf,inf,inf,inf,inf,inf,inf,inf,inf,inf,inf,inf,inf,inf,inf,inf,inf,inf,inf,inf,inf,inf,inf,inf,inf,inf,inf,inf,inf,inf,inf,inf,inf,inf,inf,inf,inf,inf,inf,inf,inf,inf,inf,inf,inf,inf,inf,inf,inf,inf,inf,inf,inf,inf,inf,inf,inf,inf,inf,inf,inf,inf,inf,inf,inf,inf,inf,inf,inf,inf,inf,inf,inf,inf,inf,inf,inf,inf,inf,inf,inf,inf,inf,inf,inf,inf,inf,inf,inf,inf,inf,inf,inf,inf,inf,inf,inf,inf,inf,inf,inf,inf,inf,inf,inf,inf,inf,inf,inf,inf,inf,inf,inf,inf,inf,inf,inf,inf,inf,inf,inf,inf,inf,inf,inf,inf,inf,inf,inf,inf,inf,inf,inf,inf,inf,inf,inf,inf,inf,inf,inf,inf,inf,inf,inf,inf,inf,inf,inf,inf,inf,inf,inf,inf,inf,inf,inf,inf,inf,inf,inf,inf,inf,inf,inf,inf,inf,inf,inf,inf,inf,inf,inf,inf,inf,inf,inf,inf,inf,inf,inf,inf,inf,inf,inf,inf,inf,inf,inf,inf,inf,inf,inf,inf,inf,inf,inf,inf,inf,inf,inf,inf,2.7968811988830566,1.439878225326538,0.969694435596466,0.7311615943908691,0.5869570374488831,0.4903892874717712,0.4212181866168976,0.3691354095935821,0.3286823034286499,0.2963016331195831,0.2698040008544922,0.2629421055316925,0.2639713585376739,0.2650901675224304,0.2663003206253052,0.2676038444042206,0.2690029144287109,0.2704999148845672,0.2720973491668701,0.2737980782985687,0.2756050527095794,0.277521550655365,0.2795509994029999,0.2816971838474273,0.2839641571044922,0.2863562405109405,0.2888781130313873,0.291534811258316,0.2943316996097564,0.297274649143219,0.3003698885440826,0.3036241233348846,0.3070446252822876,0.3106392323970794,0.3144163489341736,0.3183850944042206,0.3225552439689636,0.3269374668598175,0.3315432369709015,0.336385041475296,0.3414764106273651,0.3468320071697235,0.3524678647518158,0.3584013879299164,0.3646515905857086,0.3712392747402191,0.3781872391700744,0.3855204284191131,0.3932663202285766,0.4014552533626556,0.4101206362247467,0.4192994832992553,0.4290328919887543,0.4393665790557861,0.4503515362739563,0.462044894695282,0.4745107293128967,0.4878212809562683,0.502058207988739,0.5173141360282898,0.5336947441101074,0.5513209104537964,0.5703315138816833,0.5908873081207275,0.6131747961044312,0.6374123096466064,0.6638562083244324,0.6928104162216187,0.7246372699737549,0.7597728371620178,0.7987461686134338,0.8422056436538696,0.890954852104187,0.9460014700889589,1.008626937866211,1.0804859399795532,1.1637530326843262,1.2613437175750732,1.3772602081298828,1.5171492099761963,1.6892435550689695,1.906033277511597,2.187427043914795,2.567219018936157,3.1077539920806885,3.938146352767944,5.376354694366455,inf,inf,inf,inf,inf,inf,inf,inf,inf,inf,inf,inf,inf,inf,inf,inf,inf,inf,inf,inf
1.7626941961014858e+18,0.4744902479432389,0.3267486090477935,7.355841076058427,8.664993433360726,inf,inf,inf,inf,inf,inf,inf,inf,inf,inf,inf,inf,inf,inf,inf,inf,inf,inf,inf,inf,inf,inf,inf,inf,inf,inf,inf,inf,inf,inf,inf,inf,inf,inf,inf,inf,inf,inf,inf,inf,inf,inf,inf,inf,inf,inf,inf,inf,inf,inf,inf,inf,inf,inf,inf,inf,inf,inf,inf,inf,inf,inf,inf,inf,inf,inf,inf,inf,inf,inf,inf,inf,inf,inf,inf,inf,inf,inf,inf,inf,inf,inf,inf,inf,inf,inf,inf,inf,inf,inf,inf,inf,inf,inf,inf,inf,inf,inf,inf,inf,inf,inf,inf,inf,inf,inf,inf,inf,inf,inf,inf,inf,inf,inf,inf,inf,inf,inf,inf,inf,inf,inf,inf,inf,inf,inf,inf,inf,inf,inf,inf,inf,inf,inf,inf,inf,inf,inf,inf,inf,inf,inf,inf,inf,inf,inf,inf,inf,inf,inf,inf,inf,inf,inf,inf,inf,inf,inf,inf,inf,inf,inf,inf,inf,inf,inf,inf,inf,inf,inf,inf,inf,inf,inf,inf,inf,inf,inf,inf,inf,inf,inf,inf,inf,inf,inf,inf,inf,inf,inf,inf,inf,inf,inf,inf,inf,inf,inf,inf,inf,inf,inf,inf,inf,inf,inf,inf,inf,inf,inf,inf,inf,inf,inf,inf,inf,inf,inf,inf,inf,inf,inf,inf,inf,inf,inf,inf,inf,inf,inf,inf,inf,inf,inf,inf,inf,inf,inf,inf,inf,inf,inf,inf,inf,inf,inf,inf,inf,inf,inf,6.204110622406006,3.432798147201538,2.373366117477417,1.8140639066696167,1.4684593677520752,1.2337838411331177,1.0640610456466677,0.9356383085250854,0.8351041674613953,0.7542870044708252,0.6879237294197083,0.63247150182724,0.585457980632782,0.5451054573059082,0.5101028680801392,0.4794620871543884,0.4524243772029876,0.428397387266159,0.4069119393825531,0.3875462710857391,0.370087593793869,0.354237824678421,0.3397896289825439,0.3265698254108429,0.3144327700138092,0.303255021572113,0.2929312586784363,0.2833711206912994,0.2744966149330139,0.2662400603294372,0.267277181148529,0.2701931595802307,0.2732580304145813,0.2764787971973419,0.2798630595207214,0.2834189832210541,0.2871554493904114,0.2910819947719574,0.2952090203762054,0.2995477020740509,0.3041102886199951,0.3089100122451782,0.3139612674713135,0.3192797899246216,0.3248827159404754,0.3307888507843017,0.337018758058548,0.3435949683189392,0.3505423069000244,0.3578881919384002,0.3656628131866455,0.3738996982574463,0.3826359808444977,0.3919130861759186,0.4017772078514099,0.4122801423072815,0.4234799444675445,0.4354422390460968,0.4482411444187164,0.4619608521461487,0.4766974151134491,0.4925608336925506,0.5096777081489563,0.5281945466995239,0.5482816696166992,0.5701383352279663,0.5939992666244507,0.6201426386833191,0.6489009857177734,0.6806747317314148,0.7159506678581238,0.755326509475708,0.7995445728302002,0.8495378494262695,0.9064958691596984,0.9719591736793518,1.0479589700698853,1.1372298002243042,1.2435418367385864,1.3722436428070068,1.531183838844299,1.7323652505874634,1.995112657546997,2.3526597023010254,2.8674099445343018,3.671934366226196,5.106159210205078,inf,inf,inf,inf,inf,inf,inf,inf,inf,inf,inf,inf,inf,inf,inf,inf,inf,inf,inf,inf,inf,inf,inf
1.7626941962718382e+18,0.4631221324680135,0.2376693792112481,9.957031119776843,11.923784873797384,inf,inf,inf,inf,inf,inf,inf,inf,inf,inf,inf,inf,inf,inf,inf,inf,inf,inf,inf,inf,inf,inf,inf,inf,inf,inf,inf,inf,inf,inf,inf,inf,inf,inf,inf,inf,inf,inf,inf,inf,inf,inf,inf,inf,inf,inf,inf,inf,inf,inf,inf,inf,inf,inf,inf,inf,inf,inf,inf,inf,inf,inf,inf,inf,inf,inf,inf,inf,inf,inf,inf,inf,inf,inf,inf,inf,inf,inf,inf,inf,inf,inf,inf,inf,inf,inf,inf,inf,inf,inf,inf,inf,inf,inf,inf,inf,inf,inf,inf,inf,inf,inf,inf,inf,inf,inf,inf,inf,inf,inf,inf,inf,inf,inf,inf,inf,inf,inf,inf,inf,inf,inf,inf,inf,inf,inf,inf,inf,inf,inf,inf,inf,inf,inf,inf,inf,inf,inf,inf,inf,inf,inf,inf,inf,inf,inf,inf,inf,inf,inf,inf,inf,inf,inf,inf,inf,inf,inf,inf,inf,inf,inf,inf,inf,inf,inf,inf,inf,inf,inf,inf,inf,inf,inf,inf,inf,inf,inf,inf,inf,inf,inf,inf,inf,inf,inf,inf,inf,inf,inf,inf,inf,inf,inf,inf,inf,inf,inf,inf,inf,inf,inf,inf,inf,inf,inf,inf,inf,inf,inf,inf,inf,inf,inf,inf,inf,inf,inf,inf,inf,inf,inf,inf,inf,inf,inf,inf,inf,inf,inf,inf,inf,inf,inf,inf,inf,inf,inf,inf,inf,inf,inf,inf,inf,inf,inf,inf,inf,inf,5.318398475646973,3.6718945503234863,2.804513454437256,2.269178628921509,1.905948281288147,1.643391251564026,1.4448022842407229,1.28938627243042,1.164480447769165,1.0619333982467651,0.9762603044509888,0.9036347270011902,0.8413060307502747,0.7872461676597595,0.7399270534515381,0.6981753706932068,0.6610752940177917,0.6279016733169556,0.5980725884437561,0.5711159110069275,0.5466445088386536,0.524337887763977,0.5039286017417908,0.4851914942264557,0.4679358601570129,0.4519990086555481,0.4372413456439972,0.4235423803329468,0.4107976257801056,0.3988856971263885,0.38778817653656,0.3774037957191467,0.3676706552505493,0.3585338592529297,0.3499446511268616,0.3418594896793365,0.3342394828796386,0.3270496726036072,0.3202585875988006,0.313837856054306,0.3077618777751922,0.3020073473453522,0.2965531349182129,0.2913799881935119,0.2892320454120636,0.2946773171424866,0.300425261259079,0.306497573852539,0.3129181265830993,0.3197133839130401,0.3269125521183014,0.334548145532608,0.3426563143730163,0.3512774109840393,0.3604566752910614,0.3702448606491089,0.3806992173194885,0.3918845355510711,0.4038743376731872,0.4167525172233581,0.4306151270866394,0.4455727338790893,0.461753249168396,0.4793053865432739,0.4984031617641449,0.5192514657974243,0.5420932769775391,0.5672186613082886,0.5949772000312805,0.6257938146591187,0.6601901650428772,0.698813796043396,0.7424788475036621,0.7922229170799255,0.8493896126747131,0.91575026512146,0.9936887621879578,1.0864912271499634,1.1988179683685305,1.3375049829483032,1.513001799583435,1.7421224117279053,2.0537612438201904,2.502116680145264,3.202157735824585,4.447970390319824,inf,inf,inf,inf,inf,inf,inf,inf,inf,inf,inf,inf,inf,inf,inf,inf,inf,inf,inf,inf,inf,inf,inf,inf,inf
1.7626941964765473e+18,0.5641994322055626,0.3287829006500301,14.113772478691352,17.839724462301966,inf,inf,inf,inf,inf,inf,inf,inf,inf,inf,inf,inf,inf,inf,inf,inf,inf,inf,inf,inf,inf,inf,inf,inf,inf,inf,inf,inf,inf,inf,inf,inf,inf,inf,inf,inf,inf,inf,inf,inf,inf,inf,inf,inf,inf,inf,inf,inf,inf,inf,inf,inf,inf,inf,inf,inf,inf,inf,inf,inf,inf,inf,inf,inf,inf,inf,inf,inf,inf,inf,inf,inf,inf,inf,inf,inf,inf,inf,inf,inf,inf,inf,inf,inf,inf,inf,inf,inf,inf,inf,inf,inf,inf,inf,inf,inf,inf,inf,inf,inf,inf,inf,inf,inf,inf,inf,inf,inf,inf,inf,inf,inf,inf,inf,inf,inf,inf,inf,inf,inf,inf,inf,inf,inf,inf,inf,inf,inf,inf,inf,inf,inf,inf,inf,inf,inf,inf,inf,inf,inf,inf,inf,inf,inf,inf,inf,inf,inf,inf,inf,inf,inf,inf,inf,inf,inf,inf,inf,inf,inf,inf,inf,inf,inf,inf,inf,inf,inf,inf,inf,inf,inf,inf,inf,inf,inf,inf,inf,inf,inf,inf,inf,inf,inf,inf,inf,inf,inf,inf,inf,inf,inf,inf,inf,inf,inf,inf,inf,inf,inf,inf,inf,inf,inf,inf,inf,inf,inf,inf,inf,inf,inf,inf,inf,inf,inf,inf,inf,inf,inf,inf,inf,inf,inf,inf,inf,inf,inf,inf,inf,inf,inf,inf,inf,inf,inf,inf,inf,inf,inf,inf,inf,inf,inf,inf,6.51098108291626,4.8019304275512695,3.804468870162964,3.150920867919922,2.689696311950684,2.3468832969665527,2.0821423530578613,1.8715900182724,1.7001826763153076,1.5579742193222046,1.4381251335144043,1.3357775211334229,1.24738609790802,1.1703025102615356,1.1025092601776123,1.0424416065216064,0.9888680577278136,0.9408056735992432,0.8974606394767761,0.8581847548484802,0.8224435448646545,0.7897923588752747,0.7598583698272705,0.7323264479637146,0.7069286704063416,0.6834355592727661,0.6616497039794922,0.6414000988006592,0.6225379109382629,0.6049333214759827,0.5884721279144287,0.5730537176132202,0.5585892796516418,0.5449996590614319,0.5322145819664001,0.5201711058616638,0.5088129043579102,0.4980892539024353,0.4879545271396637,0.4783674776554107,0.4692907333374023,0.4606903791427612,0.4525355398654938,0.4447981417179107,0.4374524652957916,0.4304538667201996,0.4238235354423523,0.4175201654434204,0.4115256369113922,0.4058232307434082,0.4003975391387939,0.3952343761920929,0.3903205692768097,0.3856439888477325,0.3811934292316437,0.3769584596157074,0.3729294240474701,0.369097352027893,0.3654538989067077,0.3619913756847381,0.3587025701999664,0.3555808365345001,0.3526199162006378,0.363106906414032,0.3779842853546142,0.3942586481571197,0.4121292531490326,0.4318352341651916,0.4536661505699157,0.4779759049415588,0.5052017569541931,0.535890519618988,0.5707346796989441,0.6106250882148743,0.656726598739624,0.7105931043624878,0.7743438482284546,0.8509467244148254,0.944690465927124,1.0620107650756836,1.2130268812179563,1.414615511894226,1.6971838474273682,2.121626377105713,2.830315351486206,4.251874923706055,inf,inf,inf,inf,inf,inf,inf,inf,inf,inf,inf,inf,inf,inf,inf,inf,inf,inf,inf,inf,inf,inf,inf,inf,inf,inf,inf,inf,inf
1.7626941940935572e+18,0.7076612353038155,0.0,14.21054161369144,14.208585932687605,inf,inf,inf,inf,inf,inf,inf,inf,inf,inf,inf,inf,inf,inf,inf,inf,inf,inf,inf,inf,inf,inf,inf,inf,inf,inf,inf,inf,inf,inf,inf,inf,inf,inf,inf,inf,inf,inf,inf,inf,inf,inf,inf,inf,inf,inf,inf,inf,inf,inf,inf,inf,inf,inf,inf,inf,inf,inf,inf,inf,inf,inf,inf,inf,inf,inf,inf,inf,inf,inf,inf,inf,inf,inf,inf,inf,inf,inf,inf,inf,inf,inf,inf,inf,inf,inf,inf,inf,inf,inf,inf,inf,inf,inf,inf,inf,inf,inf,inf,inf,inf,inf,inf,inf,inf,inf,inf,inf,inf,inf,inf,inf,inf,inf,inf,inf,inf,inf,inf,inf,inf,inf,inf,inf,inf,inf,inf,inf,inf,inf,inf,inf,inf,inf,inf,inf,inf,inf,inf,inf,inf,inf,inf,inf,inf,inf,inf,inf,inf,inf,inf,inf,inf,inf,inf,inf,inf,inf,inf,inf,inf,inf,inf,inf,inf,inf,inf,inf,inf,inf,inf,inf,inf,inf,inf,inf,inf,inf,inf,inf,inf,inf,inf,inf,inf,inf,inf,inf,inf,inf,inf,inf,inf,inf,inf,inf,inf,inf,0.945387840270996,0.9107341766357422,0.878790557384491,0.8492628931999207,0.821898341178894,0.796478271484375,0.7728128433227539,0.7507362961769104,0.7301031351089478,0.7107855677604675,0.6926703453063965,0.6756571531295776,0.6596566438674927,0.6445891857147217,0.6303832530975342,0.6169746518135071,0.6043056845664978,0.5923241376876831,0.5809828042984009,0.5702388286590576,0.560053288936615,0.5503906607627869,0.541218638420105,0.5325075387954712,0.5242303013801575,0.5163620710372925,0.5088798999786377,0.501762866973877,0.4949914813041687,0.4885479509830475,0.4824157357215881,0.4765795767307281,0.4710253775119781,0.4657399952411651,0.4607113301753998,0.4559281170368194,0.4513799250125885,0.4470570087432861,0.4429503679275512,0.4390515983104706,0.4353529512882232,0.4318471252918243,0.4285273849964142,0.4253874719142914,0.4224215447902679,0.4196242392063141,0.4169904887676239,0.4145156145095825,0.4121953547000885,0.4100256860256195,0.4080029428005218,0.4061237275600433,0.4043848812580108,0.4027836322784424,0.401317298412323,0.3999835848808288,0.3987803161144256,0.3977055847644806,0.3967577219009399,0.3959352374076843,0.3952368199825287,0.3946614563465118,0.3942081928253174,0.3938763439655304,0.3936654329299927,0.3935751318931579,0.3936052620410919,0.3937559127807617,0.3940272629261017,0.39441978931427,0.3949340581893921,0.3955709040164947,0.396331250667572,0.3972162902355194,0.3982274532318115,0.3993662893772125,0.4006345868110657,0.4020344018936157,0.4035679399967193,0.4052377045154571,0.4070464074611664,0.4089970588684082,0.4110928773880005,0.4133374392986297,0.4157345592975616,0.418288379907608,0.4210033714771271,0.4238844215869903,0.4269367158412933,0.4301658570766449,0.4335778951644897,0.4371793568134308,0.4409772157669067,0.4449789822101593,0.4491927921772003,0.4536272585391998,0.4582918286323547,0.4631965160369873,0.468352198600769,0.4737705290317535,0.4794641435146332,0.4854466021060943,0.4917326271533966,0.4983380734920501,0.5052801370620728,0.5125773549079895,0.5202500224113464,0.5283199548721313,0.5368110537528992,0.545749306678772,0.5551629662513733,0.5650830268859863,0.5755434036254883,0.5865812301635742,0.5982373356819153,0.6105567216873169,0.6235889196395874,0.6373889446258545,0.6520175933837891,0.6675425171852112,0.684039294719696,0.7015921473503113,0.720295786857605,0.7402567267417908,0.7615951895713806,0.7844475507736206,0.8089689016342163,0.8353366851806641,0.863754391670227,0.8944571018218994,0.9277172684669496,0.963852882385254,1.003237009048462,1.0463106632232666,1.0935986042022705,1.1457303762435913,1.203467845916748,1.2677419185638428,1.339701771736145,1.4207834005355835,1.512804388999939,1.61810040473938,1.7397229671478271,1.8817373514175413,2.0496809482574463,2.251296281814575,2.4977498054504395,2.805760145187378,3.201537847518921,3.728636503219605,4.465139865875244,5.566341400146484,inf,inf,inf,inf,inf,inf,inf,inf,inf,inf
1.7626941942974902e+18,0.6718146019337565,0.0,11.15772223509376,11.191567558474093,inf,inf,inf,inf,inf,inf,inf,inf,inf,inf,inf,inf,inf,inf,inf,inf,inf,inf,inf,inf,inf,inf,inf,inf,inf,inf,inf,inf,inf,inf,inf,inf,inf,inf,inf,inf,inf,inf,inf,inf,inf,inf,inf,inf,inf,inf,inf,inf,inf,inf,inf,inf,inf,inf,inf,inf,inf,inf,inf,inf,inf,inf,inf,inf,inf,inf,inf,inf,inf,inf,inf,inf,inf,inf,inf,inf,inf,inf,inf,inf,inf,inf,inf,inf,inf,inf,inf,inf,inf,inf,inf,inf,inf,inf,inf,inf,inf,inf,inf,inf,inf,inf,inf,inf,inf,inf,inf,inf,inf,inf,inf,inf,inf,inf,inf,inf,inf,inf,inf,inf,inf,inf,inf,inf,inf,inf,inf,inf,inf,inf,inf,inf,inf,inf,inf,inf,inf,inf,inf,inf,inf,inf,inf,inf,inf,inf,inf,inf,inf,inf,inf,inf,inf,inf,inf,inf,inf,inf,inf,inf,inf,inf,inf,inf,inf,inf,inf,inf,inf,inf,inf,inf,inf,inf,inf,inf,inf,inf,inf,inf,inf,inf,inf,inf,inf,inf,inf,inf,inf,inf,inf,inf,inf,inf,inf,inf,inf,inf,inf,inf,inf,0.8220425248146057,0.7955777645111084,0.7709923982620239,0.7481030821800232,0.72674959897995,0.7067915797233582,0.6881053447723389,0.6705816984176636,0.6541235446929932,0.6386446952819824,0.6240679621696472,0.6103244423866272,0.5973520278930664,0.5850949287414551,0.5735026597976685,0.5625296235084534,0.5521343946456909,0.5422793030738831,0.5329300761222839,0.5240554213523865,0.5156266689300537,0.5076175928115845,0.500004231929779,0.4927643835544586,0.4858777821063995,0.4793256521224975,0.4730907380580902,0.4671570658683777,0.4615098536014557,0.4561354517936706,0.4510211944580078,0.4461553692817688,0.4415270686149597,0.4371262192726135,0.4329433739185333,0.4289698600769043,0.4251975417137146,0.4216188788414001,0.4182268679141998,0.4150149822235107,0.4119771718978882,0.4091077446937561,0.4064015448093414,0.4038536548614502,0.4014596343040466,0.3992152214050293,0.3971166312694549,0.3951602876186371,0.3933428823947906,0.3916614055633545,0.3901131153106689,0.388695478439331,0.3874062597751617,0.3862433433532715,0.3852049112319946,0.3842893242835998,0.3834951221942901,0.3828211426734924,0.3822662532329559,0.3818296790122986,0.3815106749534607,0.3813088238239288,0.3812237381935119,0.3812553584575653,0.3814036846160888,0.3816689848899841,0.3820516169071197,0.3825522065162658,0.3831714987754822,0.3839104771614074,0.3847703039646148,0.385752260684967,0.3868579268455505,0.3880890607833862,0.3894475996494293,0.3909357190132141,0.392555832862854,0.3943106234073639,0.3962029218673706,0.398235946893692,0.4004130661487579,0.4027380645275116,0.4052149355411529,0.4078480303287506,0.4106420278549194,0.4136020243167877,0.41673344373703,0.4200421571731567,0.423534482717514,0.4272171556949615,0.431097537279129,0.435183435678482,0.4394832849502563,0.4440061748027801,0.4487618803977966,0.4537609219551086,0.4590146243572235,0.4645352065563202,0.4703359007835388,0.4764309227466583,0.4828356504440307,0.4895667731761932,0.4966423809528351,0.5040819644927979,0.5119069218635559,0.5201402902603149,0.5288072228431702,0.5379353761672974,0.547554612159729,0.5576979517936707,0.5684013962745667,0.5797045826911926,0.5916511416435242,0.6042892336845398,0.6176722049713135,0.6318590641021729,0.64691561460495,0.6629149913787842,0.6799391508102417,0.6980800032615662,0.7174409627914429,0.7381387948989868,0.7603058815002441,0.7840929627418518,0.8096723556518555,0.8372417092323303,0.8670294284820557,0.8993003368377686,0.9343632459640504,0.972580909729004,1.014382004737854,1.0602766275405884,1.1108769178390503,1.166923999786377,1.229323148727417,1.2991926670074463,1.3779300451278689,1.467304825782776,1.5695912837982178,1.6877624988555908,1.8257802724838257,1.9890443086624143,2.185108423233032,2.424875497817993,2.724682569503784,3.1101698875427246,3.624001502990722,4.342805862426758,5.41937255859375,inf,inf,inf,inf,inf,inf,inf,inf,inf,inf
1.762694198109489e+18,0.6513627024166707,0.2157286956055575,10.604985576161669,11.708152400007997,inf,inf,inf,inf,inf,inf,inf,inf,inf,inf,inf,inf,inf,inf,inf,inf,inf,inf,inf,inf,inf,inf,inf,inf,inf,inf,inf,inf,inf,inf,inf,inf,inf,inf,inf,inf,inf,inf,inf,inf,inf,inf,inf,inf,inf,inf,inf,inf,inf,inf,inf,inf,inf,inf,inf,inf,inf,inf,inf,inf,inf,inf,inf,inf,inf,inf,inf,inf,inf,inf,inf,inf,inf,inf,inf,inf,inf,inf,inf,inf,inf,inf,inf,inf,inf,inf,inf,inf,inf,inf,inf,inf,inf,inf,inf,inf,inf,inf,inf,inf,inf,inf,inf,inf,inf,inf,inf,inf,inf,inf,inf,inf,inf,inf,inf,inf,inf,inf,inf,inf,inf,inf,inf,inf,inf,inf,inf,inf,inf,inf,inf,inf,inf,inf,inf,inf,inf,inf,inf,inf,inf,inf,inf,inf,inf,inf,inf,inf,inf,inf,inf,inf,inf,inf,inf,inf,inf,inf,inf,inf,inf,inf,inf,inf,inf,inf,inf,inf,inf,inf,inf,inf,inf,inf,inf,inf,inf,inf,inf,inf,inf,inf,inf,inf,inf,inf,inf,inf,inf,inf,inf,inf,inf,inf,inf,inf,inf,inf,inf,inf,inf,inf,inf,inf,inf,inf,inf,inf,inf,7.736602783203125,6.9706854820251465,6.344524383544922,5.823219299316406,5.382598876953125,5.005392074584961,4.678929805755615,4.393706798553467,4.142454624176025,3.919518232345581,3.7204322814941406,3.5416245460510254,3.3802030086517334,3.2338011264801025,3.1004638671875,2.978562116622925,2.866727590560913,2.763802051544189,2.668799638748169,2.5808749198913574,2.4992990493774414,2.423440933227539,2.3527510166168213,2.286747694015503,2.2250092029571533,2.1671621799468994,2.112877130508423,2.0618605613708496,2.0138514041900635,1.9686157703399656,1.9259440898895264,1.885647773742676,1.8475568294525144,1.8115177154541016,1.7773911952972412,1.7450507879257202,1.714381456375122,1.685278296470642,1.657645583152771,1.6313955783843994,1.6064478158950806,1.582728624343872,1.5601701736450195,1.5387098789215088,1.5182902812957764,1.4988582134246826,1.480364441871643,1.462763786315918,1.4460139274597168,1.4300758838653564,1.414913773536682,1.4004937410354614,1.3867846727371216,1.3737578392028809,1.3613860607147217,1.349644422531128,1.3385097980499268,1.3279602527618408,1.317975997924805,1.3085380792617798,1.2996293306350708,1.2912334203720093,1.2833354473114014,1.2759215831756592,1.2689789533615112,1.262495756149292,1.2564610242843628,1.2508645057678225,1.245697259902954,1.240950584411621,1.2366169691085815,1.232689380645752,1.2291616201400757,1.2260280847549438,1.223283767700195,1.2209246158599854,1.2189466953277588,1.2173471450805664,1.2161234617233276,1.2152737379074097,1.214796543121338,1.214691400527954,1.2149579524993896,1.2155966758728027,1.216608643531799,1.2179951667785645,1.2197586297988892,1.2219016551971436,1.2244274616241455,1.2273401021957395,1.2306441068649292,1.234344720840454,1.2384477853775024,1.24295973777771,1.2478879690170288,1.2532404661178589,1.259026050567627,1.265254259109497,1.2719354629516602,1.279081106185913,1.2867034673690796,1.2948157787322998,1.3034323453903198,1.3125687837600708,1.3222416639328003,1.332468867301941,1.3432698249816897,1.3546652793884275,1.3666774034500122,1.3793303966522217,1.3926498889923096,1.4066638946533203,1.421402096748352,1.4368780851364136,1.4531636238098145,1.4702776670455933,1.4882603883743286,1.5071552991867063,inf,inf,inf,inf,inf,inf,inf,inf,inf,inf,inf,inf,inf,inf,inf,inf,inf,inf,inf,inf,inf,inf,inf,inf,inf,inf,inf,inf,inf,inf,inf,inf,inf
1.7626941982805215e+18,0.5636065305145188,0.1561766422918739,10.60496291908157,11.702073639850486,inf,inf,inf,inf,inf,inf,inf,inf,inf,inf,inf,inf,inf,inf,inf,inf,inf,inf,inf,inf,inf,inf,inf,inf,inf,inf,inf,inf,inf,inf,inf,inf,inf,inf,inf,inf,inf,inf,inf,inf,inf,inf,inf,inf,inf,inf,inf,inf,inf,inf,inf,inf,inf,inf,inf,inf,inf,inf,inf,inf,inf,inf,inf,inf,inf,inf,inf,inf,inf,inf,inf,inf,inf,inf,inf,inf,inf,inf,inf,inf,inf,inf,inf,inf,inf,inf,inf,inf,inf,inf,inf,inf,inf,inf,inf,inf,inf,inf,inf,inf,inf,inf,inf,inf,inf,inf,inf,inf,inf,inf,inf,inf,inf,inf,inf,inf,inf,inf,inf,inf,inf,inf,inf,inf,inf,inf,inf,inf,inf,inf,inf,inf,inf,inf,inf,inf,inf,inf,inf,inf,inf,inf,inf,inf,inf,inf,inf,inf,inf,inf,inf,inf,inf,inf,inf,inf,inf,inf,inf,inf,inf,inf,inf,inf,inf,inf,inf,inf,inf,inf,inf,inf,inf,inf,inf,inf,inf,inf,inf,inf,inf,inf,inf,inf,inf,inf,inf,inf,inf,inf,inf,inf,inf,inf,inf,inf,inf,inf,inf,inf,inf,inf,inf,inf,inf,inf,inf,inf,7.443003177642822,6.750349998474121,6.1773681640625,5.695653915405273,5.2851338386535645,4.931220054626465,4.623055934906006,4.352396011352539,4.112864017486572,3.8994531631469727,3.708175420761109,3.5358169078826904,3.379757642745972,3.2378408908843994,3.1082749366760254,2.9895589351654053,2.8804268836975098,2.7798023223876958,2.686765193939209,2.6005241870880127,2.520394802093506,2.445781707763672,2.3761653900146484,2.3110902309417725,2.250154495239258,2.1930034160614014,2.13932204246521,2.088829755783081,2.041276216506958,1.9964369535446167,1.9541103839874268,1.9141148328781128,1.876286268234253,1.840476155281067,1.806549906730652,1.77438485622406,1.743869423866272,1.7149018049240112,1.6873886585235596,1.6612446308135986,1.6363916397094729,1.612757444381714,1.5902758836746216,1.5688860416412354,1.548531413078308,1.5291602611541748,1.5107241868972778,1.4931789636611938,1.4764831066131592,1.4605984687805176,1.4454896450042725,1.4311236143112185,1.41746985912323,1.404499888420105,1.392187237739563,1.3805073499679563,1.369437336921692,1.358955979347229,1.3490434885025024,1.339681625366211,1.3308532238006592,1.322542428970337,1.3147345781326294,1.3074160814285278,1.3005744218826294,1.294197916984558,1.288275957107544,1.2827986478805542,1.277757167816162,1.2731430530548096,1.2689491510391235,1.2651686668395996,1.2617955207824707,1.258824586868286,1.256251096725464,1.2540709972381592,1.2522809505462646,1.2508783340454102,1.2498608827590942,1.2492270469665527,1.2489757537841797,1.249106764793396,1.2496201992034912,1.2505168914794922,1.251798152923584,1.2534661293029783,1.2555230855941772,1.2579724788665771,1.2608180046081543,1.264064073562622,1.2677158117294312,1.2717790603637695,1.2762601375579834,1.281166434288025,1.2865056991577148,1.29228675365448,1.2985191345214844,1.3052133321762085,1.31238055229187,1.320033073425293,1.3281841278076172,1.3368480205535889,1.3460403680801392,1.3557777404785156,1.3660781383514404,1.3769607543945312,1.3884464502334597,1.400557518005371,1.4133180379867554,1.4267537593841553,1.4408925771713257,1.4557642936706543,1.4714012145996094,1.4878379106521606,1.5051116943359375,1.5232436656951904,1.5423154830932615,1.5623550415039062,1.5834131240844729,inf,inf,inf,inf,inf,inf,inf,inf,inf,inf,inf,inf,inf,inf,inf,inf,inf,inf,inf,inf,inf,inf,inf,inf,inf,inf,inf,inf,inf,inf,inf,inf,inf
1.7626941944675625e+18,0.5958577859356808,0.0,11.157909817121286,11.155954867141912,inf,inf,inf,inf,inf,inf,inf,inf,inf,inf,inf,inf,inf,inf,inf,inf,inf,inf,inf,inf,inf,inf,inf,inf,inf,inf,inf,inf,inf,inf,inf,inf,inf,inf,inf,inf,inf,inf,inf,inf,inf,inf,inf,inf,inf,inf,inf,inf,inf,inf,inf,inf,inf,inf,inf,inf,inf,inf,inf,inf,inf,inf,inf,inf,inf,inf,inf,inf,inf,inf,inf,inf,inf,inf,inf,inf,inf,inf,inf,inf,inf,inf,inf,inf,inf,inf,inf,inf,inf,inf,inf,inf,inf,inf,inf,inf,inf,inf,inf,inf,inf,inf,inf,inf,inf,inf,inf,inf,inf,inf,inf,inf,inf,inf,inf,inf,inf,inf,inf,inf,inf,inf,inf,inf,inf,inf,inf,inf,inf,inf,inf,inf,inf,inf,inf,inf,inf,inf,inf,inf,inf,inf,inf,inf,inf,inf,inf,inf,inf,inf,inf,inf,inf,inf,inf,inf,inf,inf,inf,inf,inf,inf,inf,inf,inf,inf,inf,inf,inf,inf,inf,inf,inf,inf,inf,inf,inf,inf,inf,inf,inf,inf,inf,inf,inf,inf,inf,inf,inf,inf,inf,inf,inf,inf,inf,inf,inf,inf,inf,inf,inf,inf,inf,inf,0.7270628809928894,0.706307053565979,0.6869077682495117,0.6687448024749756,0.6517118811607361,0.6357147693634033,0.6206695437431335,0.6065012812614441,0.5931428670883179,0.5805341005325317,0.5686205625534058,0.5573533177375793,0.54668790102005,0.5365841388702393,0.5270054340362549,0.5179184079170227,0.5092926025390625,0.5011002421379089,0.4933158755302429,0.4859160780906677,0.4788793325424194,0.4721859097480774,0.4658176302909851,0.4597576260566711,0.4539903998374939,0.4485016167163849,0.4432779848575592,0.4383072257041931,0.4335778951644897,0.4290794432163238,0.4248020350933075,0.4207365214824676,0.4168744683265686,0.4132079482078552,0.4097296297550201,0.4064327180385589,0.4033108949661255,0.4003582000732422,0.3975692391395569,0.3949388563632965,0.3924623429775238,0.3901353478431701,0.3879537880420685,0.3859139382839203,0.3840123116970062,0.3822457194328308,0.3806112408638,0.379106193780899,0.377728134393692,0.3764748573303222,0.3753443360328674,0.3743347823619842,0.3734445869922638,0.3726724088191986,0.3720170259475708,0.3714773952960968,0.3710527122020721,0.3707423210144043,0.370545744895935,0.3704626858234405,0.3704929947853088,0.3706367313861847,0.3708941042423248,0.3712655305862427,0.3717515766620636,0.3723529875278473,0.3730706870555877,0.3739058077335357,0.3748596310615539,0.3759336471557617,0.3771295845508575,0.3784493207931518,0.3798949718475342,0.3814688920974731,0.3831736743450165,0.3850120902061462,0.3869872093200683,0.3891023695468902,0.3913612067699432,0.3937676250934601,0.3963258266448974,0.3990404009819031,0.4019162654876709,0.4049586653709411,0.4081733524799347,0.4115664362907409,0.4151445031166076,0.4189146161079407,0.422884464263916,0.4270621538162231,0.431456595659256,0.436077207326889,0.440934270620346,0.4460387527942657,0.4514025747776031,0.4570385217666626,0.462960422039032,0.4691832363605499,0.4757232069969177,0.4825978279113769,0.4898261427879333,0.4974287748336792,0.5054282546043396,0.5138490200042725,0.5227178335189819,0.5320637822151184,0.5419188737869263,0.5523181557655334,0.5633001327514648,0.574907124042511,0.5871859788894653,0.6001884341239929,0.6139719486236572,0.6286002993583679,0.644144594669342,0.6606844663619995,0.6783092021942139,0.6971191763877869,0.7172278165817261,0.7387638092041016,0.7618734836578369,0.7867242097854614,0.8135080337524414,0.8424467444419861,0.8737974762916565,0.907860279083252,0.944987416267395,0.985595166683197,1.0301789045333862,1.0793333053588867,1.133777737617493,1.1943914890289309,1.2622604370117188,1.3387413024902344,1.425552487373352,1.5249018669128418,1.639675498008728,1.7737196683883667,1.9322751760482788,2.122673749923706,2.35549545288086,2.646592140197754,3.020837545394897,3.5196101665496826,4.217206954956055,5.261700630187988,inf,inf,inf,inf,inf,inf,inf,inf,inf,inf
1.7626941946379748e+18,0.5604033505540085,0.0,11.15790980548519,11.155949460179116,inf,inf,inf,inf,inf,inf,inf,inf,inf,inf,inf,inf,inf,inf,inf,inf,inf,inf,inf,inf,inf,inf,inf,inf,inf,inf,inf,inf,inf,inf,inf,inf,inf,inf,inf,inf,inf,inf,inf,inf,inf,inf,inf,inf,inf,inf,inf,inf,inf,inf,inf,inf,inf,inf,inf,inf,inf,inf,inf,inf,inf,inf,inf,inf,inf,inf,inf,inf,inf,inf,inf,inf,inf,inf,inf,inf,inf,inf,inf,inf,inf,inf,inf,inf,inf,inf,inf,inf,inf,inf,inf,inf,inf,inf,inf,inf,inf,inf,inf,inf,inf,inf,inf,inf,inf,inf,inf,inf,inf,inf,inf,inf,inf,inf,inf,inf,inf,inf,inf,inf,inf,inf,inf,inf,inf,inf,inf,inf,inf,inf,inf,inf,inf,inf,inf,inf,inf,inf,inf,inf,inf,inf,inf,inf,inf,inf,inf,inf,inf,inf,inf,inf,inf,inf,inf,inf,inf,inf,inf,inf,inf,inf,inf,inf,inf,inf,inf,inf,inf,inf,inf,inf,inf,inf,inf,inf,inf,inf,inf,inf,inf,inf,inf,inf,inf,inf,inf,inf,inf,inf,inf,inf,inf,inf,inf,inf,inf,inf,inf,inf,inf,inf,inf,inf,inf,inf,inf,0.6493996977806091,0.6328572630882263,0.6173208951950073,0.6027090549468994,0.5889490246772766,0.5759755373001099,0.5637300610542297,0.5521599054336548,0.5412174463272095,0.5308595299720764,0.521047055721283,0.511744499206543,0.5029194951057434,0.4945424497127533,0.4865863919258117,0.4790264964103699,0.4718401134014129,0.4650063514709472,0.4585059881210327,0.4523213803768158,0.4464361667633056,0.4408353269100189,0.4355048835277557,0.4304319322109222,0.4256045222282409,0.4210116267204284,0.4166429042816162,0.4124888777732849,0.4085406064987182,0.404789924621582,0.4012291133403778,0.3978511095046997,0.3946492373943329,0.3916173875331878,0.3887498080730438,0.3860411942005157,0.3834865987300873,0.3810814321041107,0.3788214325904846,0.3767026960849762,0.3747215270996094,0.3728746175765991,0.3711588382720947,0.369571328163147,0.3681094944477081,0.3667709827423095,0.3655536472797394,0.3644554913043976,0.3634748160839081,0.3626100420951843,0.3618598580360412,0.3612230718135834,0.3606986999511719,0.3602859377861023,0.3599841594696045,0.3597928881645202,0.3597118258476257,0.3597408533096313,0.3598800003528595,0.3601295351982116,0.3604897558689117,0.3609612882137298,0.3615448474884033,0.3622412979602813,0.3630517721176147,0.3639774918556213,0.3650199174880981,0.3661806881427765,0.3674617111682892,0.3688649535179138,0.3703927397727966,0.3720475733280182,0.3738321661949157,0.3757494688034057,0.3778027594089508,0.3799955248832702,0.3823315799236297,0.3848150074481964,0.387450248003006,0.3902420401573181,0.3931955695152282,0.3963163495063782,0.399610310792923,0.4030838906764984,0.4067439138889313,0.4105978012084961,0.4146535396575928,0.4189196527004242,0.4234053790569305,0.4281206130981445,0.4330760836601257,0.4382832944393158,0.4437546730041504,0.4495036900043487,0.4555448591709137,0.4618938565254211,0.4685677587985992,0.475585013628006,0.4829656779766083,0.4907315671443939,0.4989064335823059,0.5075162053108215,0.5165892243385315,0.526156485080719,0.536251962184906,0.5469130873680115,0.5581809282302856,0.5701010227203369,0.5827234983444214,0.5961041450500488,0.6103048324584961,0.6253946423530579,0.6414508819580078,0.6585600972175598,0.6768198013305664,0.6963401436805725,0.717245876789093,0.7396790385246277,0.7638021111488342,0.7898014783859253,0.81789231300354,0.848324179649353,0.8813883066177368,0.9174265265464784,0.9568426609039308,1.000117540359497,1.0478280782699585,1.1006723642349243,1.1595035791397097,1.225375056266785,1.2996032238006592,1.3838549852371216,1.4802722930908203,1.591654658317566,1.721732497215271,1.875588536262512,2.060333013534546,2.286224126815796,2.5686304569244385,2.931661367416382,3.4154155254364014,4.091867923736572,5.104400157928467,inf,inf,inf,inf,inf,inf,inf,inf,inf,inf
1.7626941948426967e+18,0.5556049047880176,0.0,11.157909810624696,11.155949463857809,inf,inf,inf,inf,inf,inf,inf,inf,inf,inf,inf,inf,inf,inf,inf,inf,inf,inf,inf,inf,inf,inf,inf,inf,inf,inf,inf,inf,inf,inf,inf,inf,inf,inf,inf,inf,inf,inf,inf,inf,inf,inf,inf,inf,inf,inf,inf,inf,inf,inf,inf,inf,inf,inf,inf,inf,inf,inf,inf,inf,inf,inf,inf,inf,inf,inf,inf,inf,inf,inf,inf,inf,inf,inf,inf,inf,inf,inf,inf,inf,inf,inf,inf,inf,inf,inf,inf,inf,inf,inf,inf,inf,inf,inf,inf,inf,inf,inf,inf,inf,inf,inf,inf,inf,inf,inf,inf,inf,inf,inf,inf,inf,inf,inf,inf,inf,inf,inf,inf,inf,inf,inf,inf,inf,inf,inf,inf,inf,inf,inf,inf,inf,inf,inf,inf,inf,inf,inf,inf,inf,inf,inf,inf,inf,inf,inf,inf,inf,inf,inf,inf,inf,inf,inf,inf,inf,inf,inf,inf,inf,inf,inf,inf,inf,inf,inf,inf,inf,inf,inf,inf,inf,inf,inf,inf,inf,inf,inf,inf,inf,inf,inf,inf,inf,inf,inf,inf,inf,inf,inf,inf,inf,inf,inf,inf,inf,inf,inf,inf,inf,inf,inf,inf,inf,inf,inf,inf,inf,inf,inf,inf,inf,0.5588071346282959,0.5469254851341248,0.5356990694999695,0.5250817537307739,0.515031635761261,0.5055107474327087,0.4964846968650818,0.4879219830036163,0.4797939360141754,0.4720743596553802,0.4647392034530639,0.457766443490982,0.4511358141899109,0.4448287189006805,0.4388279616832733,0.4331177473068237,0.4276833832263946,0.4225113987922668,0.4175892770290375,0.4129053950309753,0.4084490239620209,0.4042102098464966,0.4001796245574951,0.3963487446308136,0.3927095234394073,0.3892545700073242,0.3859769403934479,0.3828702569007873,0.3799284696578979,0.3771460950374603,0.374517947435379,0.3720392286777496,0.3697054982185364,0.3675126135349273,0.3654567301273346,0.3635343909263611,0.3617422580718994,0.3600773513317108,0.3585368990898132,0.3571183979511261,0.3558195233345032,0.3546381890773773,0.3535725176334381,0.352620780467987,0.3517815470695495,0.3510534465312958,0.350435346364975,0.3499263226985931,0.3495256006717682,0.3492324948310852,0.3490466177463531,0.3489676713943481,0.3489955365657806,0.349130243062973,0.3493719696998596,0.3497211635112762,0.3501783013343811,0.3507440984249115,0.3514194190502167,0.352205365896225,0.3531031012535095,0.3541140556335449,0.3552398383617401,0.3564822375774383,0.3578432500362396,0.3593250513076782,0.3609300851821899,0.3626609742641449,0.3645206689834595,0.3665122389793396,0.3686391115188598,0.3709049820899963,0.3733137845993042,0.3758698999881744,0.37857785820961,0.3814427256584167,0.3844698071479797,0.3876648843288421,0.391034185886383,0.3945843577384949,0.398322582244873,0.402256578207016,0.4063946604728699,0.410745769739151,0.4153195321559906,0.4201262891292572,0.4251772463321686,0.4304844439029693,0.4360609352588653,0.4419208168983459,0.4480792880058288,0.4545529186725616,0.4613595902919769,0.4685187339782715,0.4760515391826629,0.483981043100357,0.492332398891449,0.5011330842971802,0.5104131102561951,0.520205557346344,0.5305465459823608,0.5414761304855347,0.5530382394790649,0.5652816891670227,0.5782604217529297,0.5920345783233643,0.6066710948944092,0.6222448945045471,0.6388400197029114,0.656550943851471,0.6754844784736633,0.6957616806030273,0.7175202965736389,0.7409178018569946,0.766135036945343,0.793380618095398,0.8228965997695923,0.854965329170227,0.8899181485176086,0.9281468987464904,0.9701176285743712,1.0163897275924685,1.0676400661468506,1.1246957778930664,1.1885783672332764,1.260563850402832,1.3422681093215942,1.4357678890228271,1.543776512145996,1.669910192489624,1.8190951347351076,1.99822211265564,2.2172322273254395,2.491015911102295,2.842930793762207,3.311816692352295,3.9673707485198975,4.948389053344727,inf,inf,inf,inf,inf,inf,inf,inf,inf,inf
1.7626941950125786e+18,0.5603969915131446,0.0601221554159147,10.60492962195463,11.700811749056442,inf,inf,inf,inf,inf,inf,inf,inf,inf,inf,inf,inf,inf,inf,inf,inf,inf,inf,inf,inf,inf,inf,inf,inf,inf,inf,inf,inf,inf,inf,inf,inf,inf,inf,inf,inf,inf,inf,inf,inf,inf,inf,inf,inf,inf,inf,inf,inf,inf,inf,inf,inf,inf,inf,inf,inf,inf,inf,inf,inf,inf,inf,inf,inf,inf,inf,inf,inf,inf,inf,inf,inf,inf,inf,inf,inf,inf,inf,inf,inf,inf,inf,inf,inf,inf,inf,inf,inf,inf,inf,inf,inf,inf,inf,inf,inf,inf,inf,inf,inf,inf,inf,inf,inf,inf,inf,inf,inf,inf,inf,inf,inf,inf,inf,inf,inf,inf,inf,inf,inf,inf,inf,inf,inf,inf,inf,inf,inf,inf,inf,inf,inf,inf,inf,inf,inf,inf,inf,inf,inf,inf,inf,inf,inf,inf,inf,inf,inf,inf,inf,inf,inf,inf,inf,inf,inf,inf,inf,inf,inf,inf,inf,inf,inf,inf,inf,inf,inf,inf,inf,inf,inf,inf,inf,inf,inf,inf,inf,inf,inf,inf,inf,inf,inf,inf,inf,inf,inf,inf,inf,inf,inf,inf,inf,inf,inf,inf,inf,inf,inf,inf,inf,inf,inf,inf,inf,inf,inf,inf,inf,inf,inf,inf,inf,inf,inf,inf,0.4781603515148163,0.469976007938385,0.4622061550617218,0.4548259675502777,0.4478126466274261,0.4411452710628509,0.4348045885562897,0.4287729561328888,0.4230340719223022,0.4175728559494018,0.4123754203319549,0.4074289202690124,0.4027214348316192,0.3982419967651367,0.393980324268341,0.389926940202713,0.3860730528831482,0.38241046667099,0.3789315819740295,0.3756293356418609,0.3724971711635589,0.3695289194583893,0.3667189180850982,0.3640619218349457,0.3615529835224151,0.359187513589859,0.3569613397121429,0.3548705279827118,0.3529114127159118,0.3510806560516357,0.3493751287460327,0.3477920293807983,0.3463287055492401,0.3449827432632446,0.3437519967556,0.3426344692707062,0.3416284024715423,0.3407321572303772,0.3399443924427032,0.3392637968063354,0.3386893570423126,0.3382202088832855,0.337855577468872,0.3375949263572693,0.3374378383159637,0.3373841047286987,0.3374336361885071,0.3375864624977112,0.3378428816795349,0.3382032513618469,0.3386681377887726,0.3392382562160492,0.339914470911026,0.3406978547573089,0.3415896296501159,0.3425911962985992,0.3437041342258453,0.3449302017688751,0.3462713956832886,0.34772989153862,0.349308043718338,0.3510085046291351,0.3528341054916382,0.3547879159450531,0.3568732738494873,0.3590938448905945,0.3614535331726074,0.3639565110206604,0.3666073679924011,0.3694110214710235,0.3723726868629455,0.3754980564117431,0.3787932395935058,0.3822647631168365,0.3859196901321411,0.389765590429306,0.3938106298446655,0.3980636298656463,0.4025339782238006,0.4072319269180298,0.4121684432029724,0.4173553586006164,0.4228055477142334,0.4285328090190887,0.4345521628856659,0.4408798515796661,0.447533518075943,0.4545323252677917,0.461897075176239,0.4696505069732666,0.4778173863887787,0.486424833536148,0.4955024421215057,0.5050828456878662,0.51520174741745,0.5258985757827759,0.5372169017791748,0.5492048859596252,0.5619159936904907,0.5754096508026123,0.589752197265625,0.605017900466919,0.6212900876998901,0.6386626362800598,0.6572415232658386,0.6771471500396729,0.6985166072845459,0.7215067148208618,0.7462978363037109,0.7730982303619385,0.802149772644043,0.8337350487709045,0.8681861758232117,0.9058963656425476,0.9473342895507812,0.9930633306503296,1.0437666177749634,1.1002808809280396,1.1636418104171753,1.23514723777771,1.316444993019104,1.409660816192627,1.517583250999451,1.643945336341858,1.793860673904419,1.9745268821716309,2.1964070796966557,2.4753191471099854,2.83636474609375,3.321908950805664,4.009504318237305,5.057997226715088,inf,inf,inf,inf,inf,inf,inf,inf,inf,inf,inf
1.762694195182509e+18,0.5467214629055522,0.1497039793707601,8.533602575116522,9.826552985311189,inf,inf,inf,inf,inf,inf,inf,inf,inf,inf,inf,inf,inf,inf,inf,inf,inf,inf,inf,inf,inf,inf,inf,inf,inf,inf,inf,inf,inf,inf,inf,inf,inf,inf,inf,inf,inf,inf,inf,inf,inf,inf,inf,inf,inf,inf,inf,inf,inf,inf,inf,inf,inf,inf,inf,inf,inf,inf,inf,inf,inf,inf,inf,inf,inf,inf,inf,inf,inf,inf,inf,inf,inf,inf,inf,inf,inf,inf,inf,inf,inf,inf,inf,inf,inf,inf,inf,inf,inf,inf,inf,inf,inf,inf,inf,inf,inf,inf,inf,inf,inf,inf,inf,inf,inf,inf,inf,inf,inf,inf,inf,inf,inf,inf,inf,inf,inf,inf,inf,inf,inf,inf,inf,inf,inf,inf,inf,inf,inf,inf,inf,inf,inf,inf,inf,inf,inf,inf,inf,inf,inf,inf,inf,inf,inf,inf,inf,inf,inf,inf,inf,inf,inf,inf,inf,inf,inf,inf,inf,inf,inf,inf,inf,inf,inf,inf,inf,inf,inf,inf,inf,inf,inf,inf,inf,inf,inf,inf,inf,inf,inf,inf,inf,inf,inf,inf,inf,inf,inf,inf,inf,inf,inf,inf,inf,inf,inf,inf,inf,inf,inf,inf,inf,inf,inf,inf,inf,inf,inf,inf,inf,inf,inf,inf,inf,inf,inf,inf,inf,inf,inf,inf,inf,0.4076319634914398,0.4022988080978393,0.3972233831882477,0.39239302277565,0.3877959549427032,0.3834213018417358,0.3792590200901031,0.3752997517585754,0.3715347945690155,0.367956131696701,0.364556223154068,0.3613280951976776,0.3582653403282165,0.3553618788719177,0.3526121377944946,0.3500109016895294,0.3475533425807953,0.3452349603176117,0.343051552772522,0.3409993052482605,0.3390746116638183,0.3372741341590881,0.3355948328971863,0.3340338468551636,0.332588642835617,0.3312568366527557,0.3300362229347229,0.3289248347282409,0.3279209434986114,0.327022910118103,0.3262293338775635,0.3255389928817749,0.3249507546424866,0.3244637846946716,0.3240772485733032,0.3237906396389007,0.3236034512519836,0.3235154151916504,0.323526382446289,0.3236364126205444,0.323845624923706,0.3241543769836426,0.3245631456375122,0.3250725269317627,0.3256833255290985,0.3263964653015136,0.3272131085395813,0.3281345069408417,0.3291621208190918,0.3302975594997406,0.3315426707267761,0.3328994810581207,0.3343701362609863,0.3359571397304535,0.3376630842685699,0.3394908308982849,0.3414435684680938,0.3435246050357818,0.3457375764846802,0.3480865061283111,0.3505755364894867,0.3532092869281769,0.3559926748275757,0.3589310050010681,0.3620299100875854,0.3652955591678619,0.3687345385551452,0.3723538815975189,0.3761612176895141,0.38016477227211,0.3843733370304107,0.3887964487075805,0.393444299697876,0.3983280062675476,0.4034594893455505,0.4088516533374786,0.4145184457302093,0.4204750061035156,0.4267377555370331,0.4333244860172272,0.4402545392513275,0.4475490748882293,0.4552310109138489,0.4633255302906036,0.4718601405620575,0.4808649718761444,0.4903731346130371,0.5004211068153381,0.5110491514205933,0.5223017334938049,0.5342280864715576,0.5468831658363342,0.5603278875350952,0.5746306777000427,0.5898679494857788,0.6061258912086487,0.6235015392303467,0.6421051621437073,0.662061870098114,0.6835147738456726,0.7066280245780945,0.731590747833252,0.7586224675178528,0.7879787683486938,0.8199595808982849,0.8549187183380127,0.8932771682739258,0.935539186000824,0.9823142290115356,1.0343458652496338,1.0925508737564087,1.1580727100372314,1.2323559522628784,1.3172526359558103,1.4151768684387207,1.529335379600525,1.664081335067749,1.825478434562683,2.022230625152588,2.267296552658081,2.580848693847656,2.996107339859009,3.571923017501831,4.423400402069092,5.8102240562438965,inf,inf,inf,inf,inf,inf,inf,inf,inf,inf,inf,inf
1.7626941953865766e+18,0.4722201840844603,0.1575376782179345,7.552379577295252,8.65066263590884,inf,inf,inf,inf,inf,inf,inf,inf,inf,inf,inf,inf,inf,inf,inf,inf,inf,inf,inf,inf,inf,inf,inf,inf,inf,inf,inf,inf,inf,inf,inf,inf,inf,inf,inf,inf,inf,inf,inf,inf,inf,inf,inf,inf,inf,inf,inf,inf,inf,inf,inf,inf,inf,inf,inf,inf,inf,inf,inf,inf,inf,inf,inf,inf,inf,inf,inf,inf,inf,inf,inf,inf,inf,inf,inf,inf,inf,inf,inf,inf,inf,inf,inf,inf,inf,inf,inf,inf,inf,inf,inf,inf,inf,inf,inf,inf,inf,inf,inf,inf,inf,inf,inf,inf,inf,inf,inf,inf,inf,inf,inf,inf,inf,inf,inf,inf,inf,inf,inf,inf,inf,inf,inf,inf,inf,inf,inf,inf,inf,inf,inf,inf,inf,inf,inf,inf,inf,inf,inf,inf,inf,inf,inf,inf,inf,inf,inf,inf,inf,inf,inf,inf,inf,inf,inf,inf,inf,inf,inf,inf,inf,inf,inf,inf,inf,inf,inf,inf,inf,inf,inf,inf,inf,inf,inf,inf,inf,inf,inf,inf,inf,inf,inf,inf,inf,inf,inf,inf,inf,inf,inf,inf,inf,inf,inf,inf,inf,inf,inf,inf,inf,inf,inf,inf,inf,inf,inf,inf,inf,inf,inf,inf,inf,inf,inf,inf,inf,inf,inf,inf,inf,inf,inf,inf,inf,inf,inf,inf,inf,inf,0.3547148406505584,0.3513861000537872,0.3482248187065124,0.3452246189117431,0.3423795402050018,0.3396840691566467,0.3371330797672272,0.3347217738628387,0.3324457108974457,0.3303007781505584,0.3282831609249115,0.3263893127441406,0.3246159553527832,0.3229600489139557,0.321418821811676,0.3199896514415741,0.318670243024826,0.3174584209918976,0.3163521885871887,0.315349817276001,0.3144496977329254,0.3136503994464874,0.3129506707191467,0.3123494386672973,0.3118457496166229,0.3114388287067413,0.31112802028656,0.3109129071235657,0.3107931315898895,0.3107684850692749,0.3108389675617218,0.3110046684741974,0.3112658262252807,0.3116228580474853,0.3120763301849365,0.3126269280910492,0.3132755160331726,0.3140230476856231,0.3148707747459411,0.3158199787139892,0.3168721795082092,0.3180290758609772,0.3192924857139587,0.320664495229721,0.3221473395824432,0.3237434923648834,0.3254556357860565,0.3272866606712341,0.3292397260665893,0.3313182294368744,0.3335258662700653,0.3358665704727173,0.3383446037769317,0.3409646153450012,0.3437314927577972,0.346650630235672,0.3497276604175567,0.3529688119888305,0.3563806712627411,0.3599703311920166,0.3637455105781555,0.3677144050598144,0.3718859255313873,0.3762696385383606,0.3808758854866028,0.3857157826423645,0.3908013999462127,0.3961457312107086,0.4017629325389862,0.407668262720108,0.4138782918453216,0.4204111099243164,0.427286297082901,0.4345252513885498,0.4421513676643371,0.4501901566982269,0.4586696028709411,0.4676204621791839,0.4770765304565429,0.4870750308036804,0.4976571202278137,0.508868396282196,0.5207595229148865,0.533386766910553,0.5468131303787231,0.5611089468002319,0.5763534307479858,0.5926358103752136,0.6100570559501648,0.6287317276000977,0.6487906575202942,0.6703835129737854,0.6936827301979065,0.7188877463340759,0.74623042345047,0.7759820818901062,0.8084622621536255,0.844049870967865,0.8831974267959595,0.9264503121376038,0.9744713306427002,1.0280745029449463,1.0882704257965088,1.1563297510147097,1.2338725328445437,1.322996735572815,1.426468849182129,1.5480133295059204,1.6927660703659058,1.8680132627487185,2.084447860717773,2.35842514038086,2.716280698776245,3.2033162117004395,3.904618263244629,5.001022338867188,inf,inf,inf,inf,inf,inf,inf,inf,inf,inf,inf,inf,inf,inf
1.7626941984844398e+18,0.5604024025034795,0.1575735878981998,10.604960590416994,11.702119205302166,inf,inf,inf,inf,inf,inf,inf,inf,inf,inf,inf,inf,inf,inf,inf,inf,inf,inf,inf,inf,inf,inf,inf,inf,inf,inf,inf,inf,inf,inf,inf,inf,inf,inf,inf,inf,inf,inf,inf,inf,inf,inf,inf,inf,inf,inf,inf,inf,inf,inf,inf,inf,inf,inf,inf,inf,inf,inf,inf,inf,inf,inf,inf,inf,inf,inf,inf,inf,inf,inf,inf,inf,inf,inf,inf,inf,inf,inf,inf,inf,inf,inf,inf,inf,inf,inf,inf,inf,inf,inf,inf,inf,inf,inf,inf,inf,inf,inf,inf,inf,inf,inf,inf,inf,inf,inf,inf,inf,inf,inf,inf,inf,inf,inf,inf,inf,inf,inf,inf,inf,inf,inf,inf,inf,inf,inf,inf,inf,inf,inf,inf,inf,inf,inf,inf,inf,inf,inf,inf,inf,inf,inf,inf,inf,inf,inf,inf,inf,inf,inf,inf,inf,inf,inf,inf,inf,inf,inf,inf,inf,inf,inf,inf,inf,inf,inf,inf,inf,inf,inf,inf,inf,inf,inf,inf,inf,inf,inf,inf,inf,inf,inf,inf,inf,inf,inf,inf,inf,inf,inf,inf,inf,inf,inf,inf,inf,inf,inf,inf,inf,inf,inf,inf,inf,inf,inf,inf,7.1705002784729,6.541100025177002,6.014968395233154,5.568751811981201,5.185644626617432,4.853246212005615,4.562206268310547,4.305340766906738,4.077038764953613,3.872855663299561,3.689223766326904,3.5232467651367188,3.372548818588257,3.2351629734039307,3.109446287155152,2.994016647338867,2.887702465057373,2.789503574371338,2.6985626220703125,2.61413836479187,2.5355889797210693,2.4623537063598637,2.39394211769104,2.329922676086426,2.2699148654937744,2.21358060836792,2.160620212554932,2.1107654571533203,2.063776731491089,2.019438982009888,1.977558732032776,1.937961220741272,1.9004884958267207,1.8649972677230835,1.831357479095459,1.7994506359100342,1.769168496131897,1.7404125928878784,1.71309232711792,1.687124729156494,1.6624337434768677,1.6389493942260742,1.6166070699691772,1.595347285270691,1.575115203857422,1.555859923362732,1.537534475326538,1.5200955867767334,1.503502607345581,1.4877183437347412,1.472707986831665,1.4584393501281738,1.4448825120925903,1.43200945854187,1.4197944402694702,1.4082132577896118,1.3972434997558594,1.3868645429611206,1.3770569562911987,1.367802619934082,1.359084963798523,1.35088849067688,1.3431987762451172,1.3360027074813845,1.329287886619568,1.3230429887771606,1.3172577619552612,1.3119226694107056,1.3070287704467771,1.3025685548782349,1.2985345125198364,1.2949204444885254,1.291720628738403,1.288930058479309,1.2865443229675293,1.284559726715088,1.282973289489746,1.2817823886871338,1.2809854745864868,1.280580997467041,1.2805685997009275,1.2809481620788574,1.2817202806472778,1.282886028289795,1.284447431564331,1.286406636238098,1.288766860961914,1.291531682014465,1.2947053909301758,1.298293113708496,1.302300214767456,1.3067333698272705,1.3115993738174438,1.3169063329696655,1.3226628303527832,1.3288781642913818,1.3355629444122314,1.3427281379699707,1.350386142730713,1.3585500717163086,1.3672343492507937,1.3764541149139404,1.3862261772155762,1.3965684175491333,1.4075000286102295,1.4190417528152466,1.43121600151062,1.4440464973449707,1.45755934715271,1.4717819690704346,1.4867442846298218,1.5024784803390503,1.5190191268920898,1.5364032983779907,1.554671287536621,1.5738662481307983,1.594035029411316,1.6152081489562988,1.6374799013137815,1.6608896255493164,1.6855016946792605,inf,inf,inf,inf,inf,inf,inf,inf,inf,inf,inf,inf,inf,inf,inf,inf,inf,inf,inf,inf,inf,inf,inf,inf,inf,inf,inf,inf,inf,inf,inf,inf
1.7626941986542305e+18,0.5604013717524812,0.1575780464180164,10.604957911305704,11.702165244847306,inf,inf,inf,inf,inf,inf,inf,inf,inf,inf,inf,inf,inf,inf,inf,inf,inf,inf,inf,inf,inf,inf,inf,inf,inf,inf,inf,inf,inf,inf,inf,inf,inf,inf,inf,inf,inf,inf,inf,inf,inf,inf,inf,inf,inf,inf,inf,inf,inf,inf,inf,inf,inf,inf,inf,inf,inf,inf,inf,inf,inf,inf,inf,inf,inf,inf,inf,inf,inf,inf,inf,inf,inf,inf,inf,inf,inf,inf,inf,inf,inf,inf,inf,inf,inf,inf,inf,inf,inf,inf,inf,inf,inf,inf,inf,inf,inf,inf,inf,inf,inf,inf,inf,inf,inf,inf,inf,inf,inf,inf,inf,inf,inf,inf,inf,inf,inf,inf,inf,inf,inf,inf,inf,inf,inf,inf,inf,inf,inf,inf,inf,inf,inf,inf,inf,inf,inf,inf,inf,inf,inf,inf,inf,inf,inf,inf,inf,inf,inf,inf,inf,inf,inf,inf,inf,inf,inf,inf,inf,inf,inf,inf,inf,inf,inf,inf,inf,inf,inf,inf,inf,inf,inf,inf,inf,inf,inf,inf,inf,inf,inf,inf,inf,inf,inf,inf,inf,inf,inf,inf,inf,inf,inf,inf,inf,inf,inf,inf,inf,inf,inf,inf,inf,inf,inf,7.606542110443115,6.915344715118408,6.341078758239746,5.856531143188477,5.442326068878174,5.084293842315674,4.771831035614014,4.496846675872803,4.253058910369873,4.035516262054443,3.84026312828064,3.6641013622283936,3.504418134689331,3.3590567111968994,3.226222038269043,3.10440731048584,2.9923391342163086,2.888933658599853,2.793262243270874,2.7045254707336426,2.62203049659729,2.545175075531006,2.473432302474976,2.406339168548584,2.3434879779815674,2.284517765045166,2.2291078567504883,2.1769723892211914,2.1278562545776367,2.0815305709838867,2.0377891063690186,1.9964464902877808,1.957335114479065,1.9203031063079836,1.8852124214172363,1.8519377708435056,1.8203647136688232,1.790388822555542,1.7619144916534424,1.7348543405532837,1.7091279029846191,1.6846612691879272,1.6613863706588743,1.6392407417297363,1.6181663274765017,1.5981097221374512,1.579021453857422,1.560855746269226,1.5435702800750732,1.527125597000122,1.51148521900177,1.4966154098510742,1.4824844598770142,1.46906316280365,1.456324338912964,1.4442427158355713,1.4327948093414309,1.421958565711975,1.411713719367981,1.4020414352416992,1.3929240703582764,1.3843454122543335,1.3762903213500977,1.3687448501586914,1.3616961240768433,1.3551321029663086,1.3490419387817385,1.3434154987335205,1.33824360370636,1.3335177898406982,1.3292306661605835,1.325375199317932,1.3219454288482666,1.3189358711242676,1.3163418769836426,1.3141593933105469,1.312385082244873,1.3110162019729614,1.3100506067276,1.309486746788025,1.309324026107788,1.309561848640442,1.3102009296417236,1.3112419843673706,1.3126866817474363,1.3145371675491333,1.3167965412139893,1.3194680213928225,1.3225560188293457,1.326065182685852,1.3300009965896606,1.3343698978424072,1.3391785621643066,1.3444350957870483,1.350147724151611,1.35632586479187,1.3629798889160156,1.3701207637786863,1.3777607679367063,1.3859127759933472,1.394591212272644,1.4038113355636597,1.4135894775390625,1.4239437580108645,1.434893012046814,1.4464579820632937,1.4586609601974487,1.4715256690979004,1.4850778579711914,1.4993449449539185,1.5143567323684692,1.5301451683044434,1.5467445850372314,1.5641919374465942,1.5825271606445312,1.6017932891845703,1.6220368146896362,1.6433078050613403,1.6656606197357178,1.6891335248947144,1.713830590248108,1.7398008108139038,1.767119288444519,inf,inf,inf,inf,inf,inf,inf,inf,inf,inf,inf,inf,inf,inf,inf,inf,inf,inf,inf,inf,inf,inf,inf,inf,inf,inf,inf,inf,inf,inf,inf,inf
1.7626942068628713e+18,0.0,1.0044122500023875,-3.500050198232384,3.5178461277181454,inf,inf,inf,inf,inf,inf,inf,inf,inf,inf,inf,inf,inf,inf,inf,inf,inf,inf,inf,inf,inf,inf,inf,inf,inf,inf,inf,inf,inf,inf,inf,inf,inf,inf,inf,inf,inf,inf,inf,inf,inf,inf,inf,inf,inf,inf,inf,inf,inf,inf,inf,inf,inf,inf,inf,inf,inf,inf,inf,inf,inf,inf,inf,inf,inf,inf,inf,inf,inf,inf,inf,inf,inf,inf,inf,inf,inf,inf,inf,inf,inf,inf,inf,inf,inf,inf,inf,inf,inf,inf,inf,inf,inf,inf,inf,6.3466386795043945,5.819878578186035,5.3753767013549805,4.995376110076904,4.666888236999512,4.380194187164307,4.127875804901123,3.904172658920288,3.704545021057129,3.5253653526306152,3.36370062828064,3.217154264450073,3.0837481021881104,2.961835622787476,2.850034713745117,2.7471773624420166,2.652268886566162,2.564457654953003,2.483010053634644,2.4072906970977783,2.3367466926574707,2.270894765853882,2.2093098163604736,2.151618242263794,2.0974884033203125,2.046626091003418,1.9987694025039675,1.9536837339401243,1.9111590385437007,1.8710066080093384,1.833055853843689,1.797153115272522,1.763158917427063,1.730946660041809,1.7004013061523438,1.6714179515838623,1.6439006328582764,1.617761731147766,1.5929207801818848,1.5693042278289795,1.5468440055847168,1.5254780054092407,1.5051482915878296,1.485802173614502,1.4673902988433838,1.4498673677444458,1.433191418647766,1.4173234701156616,1.4022274017333984,1.3878698348999023,1.3742194175720217,1.361247420310974,1.348927021026611,1.337233066558838,1.326142430305481,1.3156336545944214,1.305686354637146,1.2962820529937744,1.2874034643173218,1.2790343761444092,1.2711597681045532,1.2637659311294556,1.2568399906158447,1.2503701448440552,1.2443453073501587,1.238755464553833,1.2335914373397827,1.2288447618484497,1.2245076894760132,1.2205733060836792,1.2170354127883911,1.2138882875442505,1.2111270427703855,1.208747386932373,1.2067456245422363,1.2051185369491575,1.2038638591766355,1.2029794454574585,1.202463984489441,1.2023167610168457,1.2025374174118042,1.2031265497207642,1.2040847539901731,1.2054136991500854,1.2071152925491333,1.2091922760009766,1.2116477489471436,1.214485764503479,1.2177104949951172,1.2213270664215088,1.2253413200378418,1.2297595739364624,1.2345889806747437,1.2398372888565063,1.2455132007598877,1.2516261339187622,1.2581862211227417,1.265204668045044,1.272693395614624,1.2806655168533323,1.289135217666626,1.2981175184249878,1.3076287508010864,1.3176865577697754,1.3283100128173828,1.3395192623138428,1.3513363599777222,1.363784909248352,1.3768900632858276,1.3906793594360352,1.405181884765625,1.420429229736328,1.4364556074142456,1.45329749584198,1.470994472503662,1.4895890951156616,1.5091276168823242,1.529659867286682,1.5512397289276123,1.5739256143569946,1.5977810621261597,1.622875094413757,1.6492825746536257,1.6770853996276855,1.7063727378845217,1.7372422218322754,1.7698007822036743,1.804165601730347,1.840465784072876,1.8788433074951167,1.919455409049988,1.9624756574630735,2.0080971717834477,2.0565345287323,2.108027219772339,2.162843704223633,2.221285104751587,2.2836906909942627,2.3504438400268555,2.421980619430542,2.4987971782684326,2.581428050994873,2.670593023300171,inf,inf,inf,inf,inf,inf,inf,inf,inf,inf,inf,inf,inf,inf,inf,inf,inf,inf,inf,inf,inf,inf,inf,inf,inf,inf,inf,inf,inf,inf,inf,inf,inf,inf,inf,inf,inf,inf,inf,inf,inf,inf,inf,inf,inf,inf,inf,inf,inf,inf,inf,inf,inf,inf,inf,inf,inf,inf,inf,inf,inf,inf,inf,inf,inf,inf,inf,inf,inf,inf,inf,inf,inf,inf,inf,inf,inf,inf,inf,inf,inf,inf,inf,inf,inf,inf,inf,inf,inf,inf,inf,inf,inf,inf,inf,inf,inf,inf,inf,inf,inf,inf,inf,inf,inf,inf,inf,inf,inf,inf,inf,inf,inf,inf,inf,inf,inf,inf,inf,inf,inf,inf
1.7626942070328113e+18,0.0,1.004410712569903,-3.5000602592756005,3.517448276086283,inf,inf,inf,inf,inf,inf,inf,inf,inf,inf,inf,inf,inf,inf,inf,inf,inf,inf,inf,inf,inf,inf,inf,inf,inf,inf,inf,inf,inf,inf,inf,inf,inf,inf,inf,inf,inf,inf,inf,inf,inf,inf,inf,inf,inf,inf,inf,inf,inf,inf,inf,inf,inf,inf,inf,inf,inf,inf,inf,inf,inf,inf,inf,inf,inf,inf,inf,inf,inf,inf,inf,inf,inf,inf,inf,inf,inf,inf,inf,inf,inf,inf,inf,inf,inf,6.154559135437012,5.658427715301514,5.2378010749816895,4.876771926879883,4.563609600067139,4.289473056793213,4.034639358520508,3.8210771083831783,3.6300418376922607,3.458206415176392,3.3028693199157715,3.1618130207061768,3.0332016944885254,2.915501594543457,2.8074216842651367,2.7078676223754883,2.615905284881592,2.530733108520508,2.4516587257385254,2.378081798553467,2.309478759765625,2.2453904151916504,2.1854138374328613,2.129192352294922,2.0764105319976807,2.026787519454956,1.9800727367401123,1.9360419511795044,1.894493818283081,1.8552472591400144,1.8181389570236208,1.7830207347869873,1.7497588396072388,1.7182313203811646,1.688327431678772,1.659945726394653,1.6329939365386963,1.6073874235153198,1.5830484628677368,1.559905767440796,1.5378938913345337,1.5169521570205688,1.4970251321792605,1.478061318397522,1.4600130319595337,1.4428364038467407,1.4264906644821167,1.410938024520874,1.3961434364318848,1.3820744752883911,1.3687008619308472,1.3559945821762085,1.343929409980774,1.3324812650680542,1.321627497673035,1.3113471269607544,1.3016207218170166,1.29243004322052,1.283758282661438,1.275589942932129,1.267910361289978,1.2607061862945557,1.2539650201797483,1.2476751804351809,1.241826415061951,1.2364085912704468,1.2314131259918213,1.2268317937850952,1.2226570844650269,1.218882441520691,1.2155017852783203,1.2125098705291748,1.209902048110962,1.2076740264892578,1.2058225870132446,1.2043447494506836,1.2032382488250732,1.20250141620636,1.2021331787109375,1.2021328210830688,1.2025004625320437,1.2032365798950195,1.204342484474182,1.205819606781006,1.2076704502105713,1.209897756576538,1.2125049829483032,1.2154961824417114,1.2188761234283447,1.2226500511169434,1.2268239259719849,1.2314046621322632,1.2363994121551514,1.2418162822723389,1.247664451599121,1.253953456878662,1.2606937885284424,1.267897129058838,1.275575876235962,1.283743381500244,1.2924140691757202,1.3016037940979004,1.3113292455673218,1.3216086626052856,1.3324613571166992,1.343908429145813,1.3559725284576416,1.3686776161193848,1.3820500373840332,1.3961178064346311,1.410910964012146,1.426462173461914,1.4428064823150637,1.4599816799163818,1.4780282974243164,1.4969905614852903,1.516915798187256,1.537855625152588,1.5598655939102173,1.5830061435699463,1.6073429584503174,1.6329472064971924,1.6598964929580688,1.6882754564285278,1.7181767225265503,1.7497012615203855,1.7829599380493164,1.8180745840072632,1.8551793098449707,1.894421935081482,1.9359657764434812,1.9799919128417969,2.0267019271850586,2.076319456100464,2.1290953159332275,2.1853103637695312,2.2452800273895264,2.3093607425689697,2.377955436706543,2.4515230655670166,2.5305869579315186,2.615713357925415,inf,inf,inf,inf,inf,inf,inf,inf,inf,inf,inf,inf,inf,inf,inf,inf,inf,inf,inf,inf,inf,inf,inf,inf,inf,inf,inf,inf,inf,inf,inf,inf,inf,inf,inf,inf,inf,inf,inf,inf,inf,inf,inf,inf,inf,inf,inf,inf,inf,inf,inf,inf,inf,inf,inf,inf,inf,inf,inf,inf,inf,inf,inf,inf,inf,inf,inf,inf,inf,inf,inf,inf,inf,inf,inf,inf,inf,inf,inf,inf,inf,inf,inf,inf,inf,inf,inf,inf,inf,inf,inf,inf,inf,inf,inf,inf,inf,inf,inf,inf,inf,inf,inf,inf,inf,inf,inf,inf,inf,inf,inf,inf,inf,inf,inf,inf,inf,inf,inf,inf,inf,inf,inf,inf,inf,inf,inf,inf,inf,inf,inf,inf,inf
1.7626941734979907e+18,0.0,1.0044045768583227,-3.503881893599113,3.5184385651959658,inf,inf,inf,inf,inf,inf,inf,inf,inf,inf,inf,inf,inf,inf,inf,inf,inf,inf,inf,inf,inf,inf,inf,inf,inf,inf,inf,inf,inf,inf,inf,inf,inf,inf,inf,inf,inf,inf,inf,inf,inf,inf,inf,inf,inf,inf,inf,inf,inf,inf,inf,inf,inf,inf,inf,inf,inf,inf,inf,inf,inf,inf,inf,inf,inf,inf,inf,inf,inf,inf,inf,inf,inf,inf,inf,inf,inf,inf,inf,inf,inf,inf,inf,inf,inf,inf,inf,inf,inf,inf,inf,inf,inf,inf,inf,inf,inf,inf,inf,inf,inf,inf,inf,inf,inf,inf,inf,inf,inf,inf,inf,inf,inf,inf,inf,inf,inf,inf,inf,inf,inf,inf,inf,inf,inf,inf,inf,inf,inf,inf,inf,inf,inf,inf,inf,inf,inf,inf,inf,inf,inf,inf,inf,inf,inf,inf,inf,inf,inf,inf,inf,inf,inf,inf,inf,inf,inf,inf,inf,inf,inf,inf,inf,inf,inf,inf,inf,inf,inf,inf,inf,inf,inf,inf,inf,inf,inf,inf,inf,inf,inf,inf,inf,inf,inf,inf,inf,inf,inf,inf,inf,inf,inf,inf,inf,inf,inf,inf,inf,inf,inf,inf,inf,inf,inf,inf,inf,inf,inf,inf,inf,inf,inf,inf,inf,inf,inf,inf,inf,inf,inf,inf,inf,inf,inf,inf,inf,inf,inf,inf,inf,inf,inf,inf,inf,inf,inf,inf,inf,inf,inf,inf,inf,inf,inf,inf,inf,inf,inf,inf,inf,inf,inf,inf,inf,inf,inf,inf,inf,inf,inf,inf,inf,inf,inf,inf,inf,inf,inf,inf,inf,inf,inf,inf,inf,7.167244911193848,6.294475555419922,5.6127214431762695,5.065614700317383,4.616981983184815,4.242542266845703,3.925391912460327,3.653400659561157,3.417637825012207,3.2113819122314453,3.0294787883758545,2.8679087162017822,2.7234909534454346,2.5936763286590576,2.4763972759246826,2.369959115982056,2.2729604244232178,2.184231758117676,2.1027894020080566,2.0278003215789795,1.9585541486740112,1.8944417238235476,1.834937334060669,1.7795851230621338,1.7279878854751587,1.6797980070114136,1.6347094774246216,1.592452883720398,1.59575355052948,1.6159749031066897,1.6372227668762207,1.6595513820648191,3.801212310791016,3.7221081256866455,3.647322654724121,3.576556205749512,3.5095367431640625,3.446017980575561,3.385775327682495,3.328603506088257,3.2743160724639893,3.22274112701416,3.1737217903137207,3.1271140575408936,3.082785129547119,3.0406126976013184,3.0004842281341557,2.9622960090637207,2.9259514808654785,2.891362190246582,2.858445644378662,2.805773496627808,2.797330617904663,2.801798105239868,2.8909058570861816,3.511899948120117,3.531690835952759,3.552799224853516,3.5752618312835693,3.599118947982788,3.624413013458252,3.651190280914306,3.679500341415405,3.7093968391418457,3.740937232971192,3.774183511734009,5.815054416656494,5.785639762878418,5.758274078369141,5.732912063598633,5.709512233734131,5.68803596496582,5.668448448181152,1.162672519683838,1.1594008207321167,1.1565004587173462,1.153966784477234,1.151795744895935,1.1499842405319214,1.148529291152954,1.408316135406494,2.2718729972839355,5.877915382385254,inf,inf
1.762694173702343e+18,0.0,1.0044123362267228,-3.500072074549606,3.517592249340904,inf,inf,inf,inf,inf,inf,inf,inf,inf,inf,inf,inf,inf,inf,inf,inf,inf,inf,inf,inf,inf,inf,inf,inf,inf,inf,inf,inf,inf,inf,inf,inf,inf,inf,inf,inf,inf,inf,inf,inf,inf,inf,inf,inf,inf,inf,inf,inf,inf,inf,inf,inf,inf,inf,inf,inf,inf,inf,inf,inf,inf,inf,inf,inf,inf,inf,inf,inf,inf,inf,inf,inf,inf,inf,inf,inf,inf,inf,inf,inf,inf,inf,inf,inf,inf,inf,inf,inf,inf,inf,inf,inf,inf,inf,inf,inf,inf,inf,inf,inf,inf,inf,inf,inf,inf,inf,inf,inf,inf,inf,inf,inf,inf,inf,inf,inf,inf,inf,inf,inf,inf,inf,inf,inf,inf,inf,inf,inf,inf,inf,inf,inf,inf,inf,inf,inf,inf,inf,inf,inf,inf,inf,inf,inf,inf,inf,inf,inf,inf,inf,inf,inf,inf,inf,inf,inf,inf,inf,inf,inf,inf,inf,inf,inf,inf,inf,inf,inf,inf,inf,inf,inf,inf,inf,inf,inf,inf,inf,inf,inf,inf,inf,inf,inf,inf,inf,inf,inf,inf,inf,inf,inf,inf,inf,inf,inf,inf,inf,inf,inf,inf,inf,inf,inf,inf,inf,inf,inf,inf,inf,inf,inf,inf,inf,inf,inf,inf,inf,inf,inf,inf,inf,inf,inf,inf,inf,inf,inf,inf,inf,inf,inf,inf,inf,inf,inf,inf,inf,inf,inf,inf,inf,inf,inf,inf,inf,inf,inf,inf,inf,inf,inf,inf,inf,inf,inf,inf,inf,inf,inf,inf,inf,inf,inf,7.822099208831787,6.793010711669922,6.004841327667236,5.382030010223389,4.87762451171875,4.460911273956299,4.110955238342285,3.812994718551636,3.5563220977783203,3.332981586456299,3.136938571929932,2.9635331630706787,2.8091092109680176,2.6707582473754883,2.546138286590576,2.433340787887573,2.330796480178833,2.237202405929565,2.1514675617218018,2.072672128677368,2.000034809112549,1.9328877925872805,1.8706568479537964,1.8128453493118288,1.759022235870361,1.7088106870651243,1.661880612373352,1.6179412603378296,1.584039330482483,1.6036678552627563,1.624292016029358,1.6459639072418213,1.6687395572662354,3.769474029541016,3.6921234130859375,3.618968725204468,3.5497217178344727,3.484121084213257,3.421929359436035,3.3629298210144043,3.306925058364868,3.253734350204468,3.2031924724578857,3.1551473140716557,3.109459638595581,3.066000938415528,3.024653196334839,2.985307216644287,2.947862148284912,2.912224769592285,2.8783092498779297,2.8460352420806885,2.80544662475586,2.7861216068267822,2.8049333095550537,3.5007758140563965,3.519791841506958,3.540105104446411,3.5617501735687256,3.5847654342651367,3.609191417694092,3.635072708129883,3.662456512451172,3.691394329071045,3.7219409942626953,3.7541558742523193,3.788102388381958,5.803309917449951,5.774717330932617,5.74815559387207,5.723580360412598,5.700951099395752,5.68023157119751,1.1650547981262207,1.161556839942932,1.158433198928833,1.1556791067123413,1.1532901525497437,1.1512625217437744,1.1495932340621948,1.1482796669006348,1.6593186855316162,3.0068464279174805,inf,inf,inf,inf,inf,inf,inf,inf,inf,inf,inf,inf,inf
1.7626941871822118e+18,0.2661173067037866,-0.2698779115678398,11.952119389390852,8.22995844678154,inf,inf,inf,inf,inf,inf,inf,inf,inf,inf,inf,inf,inf,inf,inf,inf,inf,inf,inf,inf,inf,inf,inf,inf,inf,inf,inf,inf,inf,inf,inf,inf,inf,inf,inf,inf,inf,inf,inf,inf,inf,inf,inf,inf,inf,inf,inf,inf,inf,inf,inf,inf,inf,inf,inf,inf,inf,inf,inf,inf,inf,inf,inf,inf,inf,inf,inf,inf,inf,inf,inf,inf,inf,inf,inf,inf,inf,inf,inf,inf,inf,inf,inf,inf,inf,inf,inf,inf,inf,inf,inf,inf,inf,inf,inf,inf,inf,inf,inf,inf,inf,inf,inf,inf,inf,7.535887718200684,6.482515335083008,5.689038276672363,5.07000732421875,4.573733329772949,4.167113780975342,3.8279664516448975,3.540870428085327,3.294772148132324,3.081541061401367,2.895064353942871,2.730656385421753,2.5846667289733887,2.4542078971862797,2.3369665145874023,2.231067657470703,2.1349751949310303,2.0474190711975098,1.967339873313904,1.8938466310501096,1.8261852264404297,1.7637128829956057,1.7058780193328855,1.6522053480148315,1.6022824048995972,1.555750012397766,1.523407816886902,1.5406123399734497,1.5586923360824585,1.5776902437210083,1.5976519584655762,3.828239679336548,3.742591619491577,3.661787986755371,3.5854737758636475,3.5133285522460938,3.4450628757476807,3.3804142475128174,3.3191440105438232,3.261035680770874,3.205890893936157,3.153528928756714,3.1037845611572266,3.056505918502808,3.0115537643432617,2.968799829483032,2.928126573562622,2.889424562454224,2.8525941371917725,2.8175418376922607,2.78418231010437,2.722425937652588,2.72055983543396,2.6934926509857178,2.7193284034729004,3.415769100189209,3.4338173866271973,3.4531195163726807,3.4737091064453125,3.4956214427948,3.5188958644866943,3.54357385635376,3.5697004795074463,3.5973241329193115,3.6264970302581783,3.6572751998901367,3.689718961715698,5.722055435180664,5.693032741546631,5.666027545928955,5.640995979309082,5.617895603179932,5.596689224243164,1.0745978355407717,1.0712226629257202,1.0681943893432615,1.065508246421814,1.0631601810455322,1.0611463785171509,1.0594638586044312,1.0581098794937134,1.0847861766815186,1.7334047555923462,4.314409255981445,inf,inf,inf,inf,inf,inf,inf,inf,inf,inf,inf,inf,inf,inf,inf,inf,inf,inf,inf,inf,inf,inf,inf,inf,inf,inf,inf,inf,inf,inf,inf,inf,inf,inf,inf,inf,inf,inf,inf,inf,inf,inf,inf,inf,inf,inf,inf,inf,inf,inf,inf,inf,inf,inf,inf,inf,inf,inf,inf,inf,inf,inf,inf,inf,inf,inf,inf,inf,inf,inf,inf,inf,inf,inf,inf,inf,inf,inf,inf,inf,inf,inf,inf,inf,inf,inf,inf,inf,inf,inf,inf,inf,inf,inf,inf,inf,inf,inf,inf,inf,inf,inf,inf,inf,inf,inf,inf,inf,inf,inf,inf,inf,inf,inf,inf,inf,inf,inf,inf,inf,inf,inf,inf,inf,inf,inf,inf,inf,inf,inf,inf,inf,inf,inf,inf,inf,inf,inf,inf,inf,inf,inf,inf,inf,inf,inf,inf,inf,inf,inf,inf,inf,inf,inf,inf,inf,inf,inf,inf,inf,inf,inf,inf,inf,inf,inf,inf,inf,inf,inf,inf
1.7626941873524209e+18,0.5634103016627817,-0.571544981226417,17.162005549343675,11.664192782122171,inf,inf,inf,inf,inf,inf,inf,inf,inf,inf,inf,inf,inf,inf,inf,inf,inf,inf,inf,inf,inf,inf,inf,inf,inf,inf,inf,inf,inf,inf,inf,inf,inf,inf,inf,inf,inf,inf,inf,inf,inf,inf,inf,inf,inf,inf,inf,inf,inf,inf,inf,inf,inf,inf,inf,inf,inf,inf,inf,inf,inf,inf,inf,inf,inf,inf,inf,inf,inf,inf,inf,inf,inf,inf,inf,inf,inf,inf,inf,inf,inf,inf,inf,inf,inf,inf,inf,inf,inf,inf,inf,inf,inf,inf,inf,inf,inf,inf,inf,inf,inf,inf,inf,inf,inf,inf,inf,inf,inf,inf,inf,7.495274543762207,6.303521156311035,5.440191745758057,4.786146640777588,4.273655414581299,3.8613691329956055,3.5226149559021,3.239415407180786,2.9992122650146484,2.7929680347442627,2.6140124797821045,2.45731520652771,2.3190114498138428,2.196082353591919,2.0861363410949707,1.9872534275054927,1.8978747129440308,1.816721796989441,1.7427358627319336,1.6750328540802002,1.6128684282302856,1.555612087249756,1.502725601196289,1.453747034072876,1.4491196870803833,1.463733196258545,1.4791016578674316,1.4952588081359863,1.5122405290603638,3.8977749347686768,3.801061630249024,3.710139274597168,3.6245481967926025,3.543877124786377,3.467756986618042,3.395855188369751,3.3278722763061523,3.2635369300842285,3.202603340148926,3.144848108291626,3.0900678634643555,3.038077116012573,2.988706350326538,2.941800355911255,2.897216558456421,2.8548247814178467,2.814504146575928,2.776144504547119,2.7396433353424072,2.704906702041626,2.671847105026245,2.611210346221924,2.608736753463745,2.5819544792175293,2.606191635131836,3.297386646270752,3.313868284225464,3.331539869308472,3.350431442260742,3.3705761432647705,3.3920085430145264,3.414767026901245,3.438892126083374,3.464428424835205,3.4914231300354004,3.519927263259888,3.5499958992004395,3.581688165664673,5.596850395202637,5.568731307983398,5.542580604553223,5.518354892730713,5.496014595031738,5.475523471832275,5.456847667694092,0.95328950881958,0.9506379961967468,0.9482905864715576,0.9462435245513916,0.9444937109947203,0.9430384039878844,0.9418753385543824,0.9410026669502258,0.9404191970825196,2.6973907947540283,inf,inf,inf,inf,inf,inf,inf,inf,inf,inf,inf,inf,inf,inf,inf,inf,inf,inf,inf,inf,inf,inf,inf,inf,inf,inf,inf,inf,inf,inf,inf,inf,inf,inf,inf,inf,inf,inf,inf,inf,inf,inf,inf,inf,inf,inf,inf,inf,inf,inf,inf,inf,inf,inf,inf,inf,inf,inf,inf,inf,inf,inf,inf,inf,inf,inf,inf,inf,inf,inf,inf,inf,inf,inf,inf,inf,inf,inf,inf,inf,inf,inf,inf,inf,inf,inf,inf,inf,inf,inf,inf,inf,inf,inf,inf,inf,inf,inf,inf,inf,inf,inf,inf,inf,inf,inf,inf,inf,inf,inf,inf,inf,inf,inf,inf,inf,inf,inf,inf,inf,inf,inf,inf,inf,inf,inf,inf,inf,inf,inf,inf,inf,inf,inf,inf,inf,inf,inf,inf,inf,inf,inf,inf,inf,inf,inf,inf,inf,inf,inf,inf,inf,inf,inf,inf,inf,inf,inf,inf,inf,inf,inf,inf,inf
1.7626941889873024e+18,0.4928448913038169,-0.4715483364695659,9.763954549016429,6.473665292866128,inf,inf,inf,inf,inf,inf,inf,inf,inf,inf,inf,inf,inf,inf,inf,inf,inf,inf,inf,inf,inf,inf,inf,inf,inf,inf,inf,inf,inf,inf,inf,inf,inf,inf,inf,inf,inf,inf,inf,inf,inf,inf,inf,inf,inf,inf,inf,inf,inf,inf,inf,inf,inf,inf,inf,inf,inf,inf,inf,inf,inf,inf,inf,inf,inf,inf,inf,inf,inf,inf,inf,inf,inf,inf,inf,inf,inf,inf,inf,inf,inf,inf,inf,inf,inf,inf,inf,inf,inf,inf,inf,inf,inf,inf,inf,inf,inf,inf,inf,inf,inf,inf,inf,inf,inf,inf,inf,inf,inf,inf,inf,inf,inf,inf,inf,inf,inf,inf,inf,inf,inf,inf,inf,inf,inf,inf,inf,inf,inf,inf,inf,inf,inf,inf,inf,inf,inf,inf,inf,inf,inf,inf,inf,inf,inf,inf,inf,inf,inf,inf,inf,inf,inf,inf,inf,inf,inf,inf,inf,inf,inf,inf,inf,inf,inf,inf,inf,inf,inf,inf,inf,inf,inf,inf,inf,inf,inf,inf,inf,inf,4.942437648773193,3.278128862380981,2.452895402908325,1.960068941116333,1.6325606107711792,1.3991966247558594,1.2245324850082395,1.0889322757720947,0.9806399345397948,0.8921865820884705,0.8185997009277344,0.7564405798912048,0.7032551169395447,0.6572452187538147,0.6170631647109985,0.5816789865493774,0.5815892219543457,0.5850054621696472,0.5886431932449341,0.5925089120864868,0.5966095328330994,0.6009525060653687,0.6055457592010498,0.6103980541229248,0.6155185699462891,0.6209173202514648,0.6266050338745117,0.6325933337211609,0.6388945579528809,3.2569706439971924,3.165443658828736,3.07983660697937,2.999631881713867,2.924370527267456,2.853645086288452,2.787092685699463,2.724388599395752,2.665241241455078,2.609389305114746,2.556596040725708,2.5066487789154053,2.4593536853790283,2.414535522460937,2.372034311294556,2.33170485496521,2.2934136390686035,2.2570393085479736,2.222470283508301,2.1896040439605717,2.158346652984619,2.128611326217652,2.10031795501709,2.0733931064605717,2.0477685928344727,2.023381233215332,2.0001728534698486,1.9780890941619875,1.9570800065994265,1.9370990991592407,1.918103098869324,1.9000517129898071,1.882907748222351,1.8666365146636963,1.8512057065963743,1.81108558177948,1.8147659301757808,1.8096660375595093,1.7973171472549438,1.8292707204818728,2.5719943046569824,2.594655036926269,2.618527173995972,2.6436588764190674,2.670102834701538,2.6979150772094727,2.727155923843384,2.7578907012939453,2.790189743041992,2.8241288661956787,2.8597896099090576,2.8972601890563965,4.879532814025879,4.870054721832275,4.862098693847656,4.85565185546875,4.850704669952393,4.847249031066895,4.845280170440674,4.844794273376465,4.845791816711426,4.848273277282715,4.852242469787598,4.857706546783447,4.864672660827637,4.873152256011963,4.278241157531738,3.75767970085144,3.350970506668091,3.0245378017425537,2.756826877593994,2.533366203308105,2.34407901763916,2.1817328929901123,2.041001558303833,1.917876958847046,1.8092845678329468,1.7128264904022217,1.6266052722930908,1.5490998029708862,1.4790765047073364,1.4155242443084717,1.3576067686080933,1.3046259880065918,1.2559949159622192,1.2112164497375488,1.1698665618896484,1.1315815448760986,1.0960477590560913,1.062993049621582,1.0321803092956543,1.0034019947052002,0.9764755964279176,0.9512400031089784,0.9275525808334352,0.9052864909172058,0.8843286037445068,0.8645777702331543,0.845943033695221,0.8283427953720093,0.8117033243179321,0.7959579229354858,0.7810462117195129,0.7669132947921753,0.7535092234611511,0.740788459777832,0.72870934009552,0.7172337770462036,0.7063268423080444,0.6959564089775085,0.6860930323600769,0.6870837807655334,0.7030988931655884,0.7201040387153625,0.7381836771965027,0.757432222366333,0.777955949306488,0.7998744249343872,inf,inf,inf,inf,inf,inf,inf,inf,inf,inf,inf,inf,inf,inf,inf,inf,inf,inf,inf,inf,inf,inf,inf,inf,inf,inf,inf,inf,inf,inf,inf,inf,inf
1.7626941891912184e+18,0.4247187360231553,-0.4731171976150093,9.697213596298926,6.412893313036914,inf,inf,inf,inf,inf,inf,inf,inf,inf,inf,inf,inf,inf,inf,inf,inf,inf,inf,inf,inf,inf,inf,inf,inf,inf,inf,inf,inf,inf,inf,inf,inf,inf,inf,inf,inf,inf,inf,inf,inf,inf,inf,inf,inf,inf,inf,inf,inf,inf,inf,inf,inf,inf,inf,inf,inf,inf,inf,inf,inf,inf,inf,inf,inf,inf,inf,inf,inf,inf,inf,inf,inf,inf,inf,inf,inf,inf,inf,inf,inf,inf,inf,inf,inf,inf,inf,inf,inf,inf,inf,inf,inf,inf,inf,inf,inf,inf,inf,inf,inf,inf,inf,inf,inf,inf,inf,inf,inf,inf,inf,inf,inf,inf,inf,inf,inf,inf,inf,inf,inf,inf,inf,inf,inf,inf,inf,inf,inf,inf,inf,inf,inf,inf,inf,inf,inf,inf,inf,inf,inf,inf,inf,inf,inf,inf,inf,inf,inf,inf,inf,inf,inf,inf,inf,inf,inf,inf,inf,inf,inf,inf,inf,inf,inf,inf,inf,inf,inf,inf,inf,inf,inf,inf,inf,inf,inf,inf,inf,inf,inf,inf,inf,inf,inf,inf,4.67785120010376,3.1669809818267822,2.394370555877685,1.9252737760543823,1.6102850437164309,1.384237289428711,1.214167237281799,1.0816094875335691,0.97541606426239,0.8884583115577698,0.8159651756286621,0.7546231746673584,0.7020590901374817,0.6565288305282593,0.6167215704917908,0.581633448600769,0.550482451915741,0.5226503610610962,0.5105755925178528,0.5139512419700623,0.5175313353538513,0.5213222503662109,0.5253310203552246,0.5295652747154236,0.5340330600738525,0.5387431383132935,0.5437048673629761,0.5489283800125122,0.554424524307251,0.5602050423622131,0.5662824511528015,0.5726703405380249,2.9920308589935303,2.917309522628784,2.8470795154571533,2.78098201751709,2.7186973094940186,2.6599373817443848,2.6044437885284424,2.55198335647583,2.502345085144043,2.4553380012512207,2.4107885360717773,2.368538856506348,2.328444719314575,2.290374517440796,2.2542078495025635,2.219834327697754,2.187152624130249,2.15606951713562,2.1264989376068115,2.0983619689941406,2.0715856552124023,2.0461020469665527,2.0218491554260254,1.998768925666809,1.976807713508606,1.9559158086776731,1.936047077178955,1.917158842086792,1.899211049079895,1.882166862487793,1.865991711616516,1.8506536483764648,1.836122989654541,1.8223720788955688,1.7834042310714722,1.7882126569747925,1.7855491638183594,1.7746775150299072,1.80613112449646,2.5634047985076904,2.588137626647949,2.6141598224639893,2.6415274143218994,2.670299768447876,2.7005410194396973,2.73232102394104,2.765714168548584,2.8008012771606445,2.837669849395752,2.876413583755493,2.917135000228882,4.862420558929443,4.856162071228027,4.851402282714844,4.848133563995361,4.846351623535156,4.846053123474121,4.847237586975098,4.849907398223877,4.854066371917725,4.859720706939697,4.866878986358643,4.875552654266357,4.783785820007324,4.210676193237305,3.761223077774048,3.3994064331054688,3.1019577980041504,2.853177309036255,2.642087459564209,2.4607818126678467,2.3034207820892334,2.1655988693237305,2.043928623199463,1.9357635974884035,1.839005947113037,1.7519710063934326,1.6732909679412842,1.601843237876892,1.5366981029510498,1.4770790338516235,1.4223321676254272,1.3719033002853394,1.3253196477890017,1.282175064086914,1.2421191930770874,1.2048476934432983,1.1700953245162964,1.1376299858093262,1.107247233390808,1.0787665843963623,1.0520281791687012,1.0268899202346802,1.0032247304916382,0.9809191823005676,0.959871232509613,0.93998920917511,0.9211902618408204,0.9033994674682616,0.8865489959716797,0.8705771565437317,0.8554277420043945,0.8410494923591614,0.8273956179618835,0.8144232034683228,0.802092969417572,0.7903687357902527,0.7792173027992249,0.7686080932617188,0.7585129141807556,0.7489056587219238,0.7426873445510864,0.7621468305587769,0.7828995585441589,0.805067241191864,0.8287878632545471,0.8542181253433228,inf,inf,inf,inf,inf,inf,inf,inf,inf,inf,inf,inf,inf,inf,inf,inf,inf,inf,inf,inf,inf,inf,inf,inf,inf,inf
